1,1,1,S821A,G,S821A_S801A,Nil,Nil,Nil,Nil,805A,S821A_S801A,805A_R,Nil,Nil,Nil,Nil,Nil,809A_R,S804A_S806B,805A_L,809A,S821A,No,Nil
2,,,,,,,,,,807A,,807A_R,,,,,,,S804A_VS822A,807A_L,,,,
3,,,,,,,,,,809A,,,,,,,,,S804A_VS802A,809A_L,,,,
4,,,,,,,,,,,,,,,,,,,S808A_S806B,805A_R,,,,
5,,,,,,,,,,,,,,,,,,,S808A_VS822A,807A_R,,,,
6,,,,,,,,,,,,,,,,,,,S808A_VS802A,809A_R,,,,
7,,2,,V,S821A_S801A,Nil,Nil,Nil,Nil,805A,S821A_S801A,805A_R,Nil,Nil,Nil,Nil,Nil,Nil,S804A_S806B,805A_L,Nil,S821A,No,Nil
8,,,,,,,,,,,,807A_R,,,,,,,S804A_VS822A,807A_L,,,,
9,,,,,,,,,,,,,,,,,,,S804A_VS802A,805A_R,,,,
10,,,,,,,,,,,,,,,,,,,S808A_S806B,807A_R,,,,
11,,,,,,,,,,,,,,,,,,,S808A_VS822A,,,,,
12,,,,,,,,,,,,,,,,,,,S808A_VS802A,,,,,
13,2,1,S801A,G,S801A_S803A,801A,Nil,801A,801A,809A,S801A_S803A,809A_R,801A,815A_R,Nil,803A,Nil,Nil,S802A_S808A,809A_L,Nil,S801A,No,Nil
14,,,,,,802A,,802A,802A,811A,,811A_R,,,,806A,,,S806A_S808A,811A_L,,,,
15,,,,,,,,803A,803A,813A,,813A_R,,,,805A,,,S808A_S806B,813A_L,,,,
16,,,,,,,,806A,806A,815A,,,,,,804A,,,S808A_VS822A,815A_L,,,,
17,,,,,,,,805A,805A,,,,805A,815A_R,Nil,805A,803A,,S808A_VS802A,809A_R,,,,
18,,,,,,,,804A,804A,,,,,814A_R,,804A,806A,,,811A_R,,,,
19,,,,,,,,,,,,,,,,,,,,813A_R,,,,
20,,,,,,,,,,,,,,,,,,,,815A_R,,,,
21,,2,,V,S801A_S803A,801A,Nil,801A,801A,809A,S801A_S803A,809A_R,Nil,Nil,Nil,Nil,Nil,Nil,S802A_S808A,809A_L,Nil,S801A,No,Nil
22,,,,,,802A,,802A,802A,811A,,811A_R,,,,,,,S806A_S808A,811A_L,,,,
23,,,,,,,,,,,,813A_R,,,,,,,S808A_S806B,813A_L,,,,
24,,,,,,,,,,,,,,,,,,,S808A_VS822A,809A_R,,,,
25,,,,,,,,,,,,,,,,,,,S808A_VS802A,811A_R,,,,
26,,,,,,,,,,,,,,,,,,,,813A_R,,,,
27,,3,,G,S801A_S807A,Nil,801A,801A,801A,809A,S801A_S807A,809A_R,803A,814A_R,Nil,803A,Nil,Nil,S802A_S804A,809A_L,Nil,S801A,No,Nil
28,,,,,,,802A,802A,802A,811A,,811A_R,,,,806A,,,S804A_S806B,811A_L,,,,
29,,,,,,,,803A,803A,810A,,810A_R,,,,805A,,,S804A_VS822A,810A_L,,,,
30,,,,,,,,806A,806A,812A,,812A_R,,,,804A,,,S804A_VS802A,812A_L,,,,
31,,,,,,,,805A,805A,814A,,,807A,814A_R,Nil,803A,805A,,S806A_S804A,814A_L,,,,
32,,,,,,,,804A,804A,,,,,815A_R,,806A,804A,,,809A_R,,,,
33,,,,,,,,,,,,,,,,,,,,811A_R,,,,
34,,,,,,,,,,,,,,,,,,,,810A_R,,,,
35,,,,,,,,,,,,,,,,,,,,812A_R,,,,
36,,,,,,,,,,,,,,,,,,,,814A_R,,,,
37,,4,,V,S801A_S807A,Nil,801A,801A,801A,809A,S801A_S807A,809A_R,Nil,Nil,Nil,Nil,Nil,Nil,S802A_S804A,809A_L,Nil,S801A,No,Nil
38,,,,,,,802A,802A,802A,811A,,811A_R,,,,,,,S804A_S806B,811A_L,,,,
39,,,,,,,,,,810A,,810A_R,,,,,,,S804A_VS822A,810A_L,,,,
40,,,,,,,,,,,,812A_R,,,,,,,S804A_VS802A,812A_L,,,,
41,,,,,,,,,,,,,,,,,,,S806A_S804A,809A_R,,,,
42,,,,,,,,,,,,,,,,,,,,811A_R,,,,
43,,,,,,,,,,,,,,,,,,,,810A_R,,,,
44,,,,,,,,,,,,,,,,,,,,812A_R,,,,
45,3,1,S803A,G,S803A_S809A,803A,Nil,803A,803A,815A,S803A_S809A,815A_R,Nil,Nil,Nil,Nil,Nil,Nil,S806A_S808A,815A_L,Nil,S803A,No,Nil
46,,,,,,806A,,806A,806A,817A,,817A_R,,,,,,,,815A_R,,,,
47,,,,,,805A,,805A,805A,,,,,,,,,,,817A_R,,,,
48,,,,,,804A,,804A,804A,,,,,,,,,,,,,,,
49,,2,,V,S803A_S809A,803A,Nil,803A,803A,815A,S803A_S809A,815A_R,Nil,Nil,Nil,Nil,Nil,Nil,S806A_S808A,815A_L,Nil,S803A,No,Nil
50,,,,,,806A,,806A,806A,817A,,817A_R,,,,,,,,815A_R,,,,
51,,,,,,805A,,805A,805A,,,,,,,,,,,817A_R,,,,
52,,,,,,804A,,804A,804A,,,,,,,,,,,,,,,
53,,3,,G,S803A_S811A,805A,803A,803A,803A,815A,S803A_S811A,815A_R,Nil,Nil,Nil,Nil,Nil,Nil,S802A_S808A,815A_L,Nil,S803A,No,Nil
54,,,,,,804A,806A,806A,806A,814A,,814A_R,,,,,,,,814A_L,,,,
55,,,,,,,,805A,805A,816A,,816A_R,,,,,,,,815A_R,,,,
56,,,,,,,,804A,804A,,,,,,,,,,,814A_R,,,,
57,,,,,,,,,,,,,,,,,,,,816A_R,,,,
58,,4,,V,S803A_S811A,805A,803A,803A,803A,815A,S803A_S811A,815A_R,Nil,Nil,Nil,Nil,Nil,Nil,S802A_S808A,815A_L,Nil,S803A,No,Nil
59,,,,,,804A,806A,806A,806A,814A,,814A_R,,,,,,,,814A_L,,,,
60,,,,,,,,805A,805A,816A,,816A_R,,,,,,,,815A_R,,,,
61,,,,,,,,804A,804A,,,,,,,,,,,814A_R,,,,
62,,,,,,,,,,,,,,,,,,,,816A_R,,,,
63,4,1,VS821A,OFF,VS821A_S805A,Nil,Nil,Nil,Nil,806A,VS821A_S805A,806A_R,Nil,Nil,Nil,Nil,Nil,Nil,S804A_S822A,806A_L,Nil,VS821A,No,Nil
64,,,,,,,,,,,,,,,,,,,,806A_R,,,,
65,5,1,S805A,G,S805A_S807A,802A,Nil,802A,802A,808A,S805A_S807A,808A_R,803A,814A_R,Nil,804A,Nil,Nil,S802A_S804A,808A_L,Nil,S805A,No,Nil
66,,,,,,801A,,801A,801A,810A,,810A_R,,,,805A,,,S804A_S822A,810A_L,,,,
67,,,,,,,,804A,804A,812A,,812A_R,,,,806A,,,S806A_S804A,812A_L,,,,
68,,,,,,,,805A,805A,814A,,,,,,803A,,,,814A_L,,,,
69,,,,,,,,806A,806A,,,,807A,814A_R,Nil,806A,804A,,,808A_R,,,,
70,,,,,,,,803A,803A,,,,,815A_R,,803A,805A,,,810A_R,,,,
71,,,,,,,,,,,,,,,,,,,,812A_R,,,,
72,,,,,,,,,,,,,,,,,,,,814A_R,,,,
73,,2,,V,S805A_S807A,802A,Nil,802A,802A,808A,S805A_S807A,808A_R,Nil,Nil,Nil,Nil,Nil,Nil,S802A_S804A,808A_L,Nil,S805A,No,Nil
74,,,,,,801A,,801A,801A,810A,,810A_R,,,,,,,S804A_S822A,810A_L,,,,
75,,,,,,,,,,,,812A_R,,,,,,,S806A_S804A,812A_L,,,,
76,,,,,,,,,,,,,,,,,,,,808A_R,,,,
77,,,,,,,,,,,,,,,,,,,,810A_R,,,,
78,,,,,,,,,,,,,,,,,,,,812A_R,,,,
79,6,1,S807A,G,S807A_S809A,806A,804A,804A,804A,814A,S807A_S809A,814A_R,Nil,Nil,Nil,Nil,Nil,Nil,S806A_S804A,814A_L,Nil,S807A,No,Nil
80,,,,,,803A,805A,805A,805A,815A,,815A_R,,,,,,,,815A_L,,,,
81,,,,,,,,806A,806A,817A,,817A_R,,,,,,,,814A_R,,,,
82,,,,,,,,803A,803A,,,,,,,,,,,815A_R,,,,
83,,,,,,,,,,,,,,,,,,,,817A_R,,,,
84,,2,,V,S807A_S809A,806A,804A,804A,804A,814A,S807A_S809A,814A_R,Nil,Nil,Nil,Nil,Nil,Nil,S806A_S804A,814A_L,Nil,S807A,No,Nil
85,,,,,,803A,805A,805A,805A,815A,,815A_R,,,,,,,,815A_L,,,,
86,,,,,,,,806A,806A,817A,,817A_R,,,,,,,,814A_R,,,,
87,,,,,,,,803A,803A,,,,,,,,,,,815A_R,,,,
88,,,,,,,,,,,,,,,,,,,,817A_R,,,,
89,,3,,G,S807A_S811A,804A,Nil,804A,804A,814A,S807A_S811A,814A_R,Nil,Nil,Nil,Nil,Nil,Nil,S802A_S804A,814A_L,Nil,S807A,No,Nil
90,,,,,,805A,,805A,805A,816A,,816A_R,,,,,,,,814A_R,,,,
91,,,,,,806A,,806A,806A,,,,,,,,,,,816A_R,,,,
92,,,,,,803A,,803A,803A,,,,,,,,,,,,,,,
93,,4,,V,S807A_S811A,804A,Nil,804A,804A,814A,S807A_S811A,814A_R,Nil,Nil,Nil,Nil,Nil,Nil,S802A_S804A,814A_L,Nil,S807A,No,Nil
94,,,,,,805A,,805A,805A,816A,,816A_R,,,,,,,,814A_R,,,,
95,,,,,,806A,,806A,806A,,,,,,,,,,,816A_R,,,,
96,,,,,,803A,,803A,803A,,,,,,,,,,,,,,,
97,7,1,S802A,G,S802A_S804A,806A,Nil,806A,806A,814A,S802A_S804A,814A_L,804A,810A_L,810A_sL,802A,Nil,Nil,S801A_S807A,814A_L,Nil,S802A,No,Nil
98,,,,,,803A,,803A,803A,812A,,812A_L,,,,801A,,,S805A_S807A,812A_L,,,,
99,,,,,,804A,,804A,804A,810A,,,806A,810A_L,810A_sL,Nil,802A,,S807A_S811A,810A_L,,,,
100,,,,,,805A,,805A,805A,,,,,811A_L,811A_sL,,801A,,,814A_R,,,,
101,,,,,,,,802A,802A,,,,,,,,,,,812A_R,,,,
102,,,,,,,,801A,801A,,,,,,,,,,,810A_R,,,,
103,,2,,V,S802A_S804A,806A,Nil,806A,806A,814A,S802A_S804A,814A_L,Nil,Nil,Nil,Nil,Nil,Nil,S801A_S807A,814A_L,Nil,S802A,No,Nil
104,,,,,,803A,,803A,803A,,,812A_L,,,,,,,S805A_S807A,812A_L,,,,
105,,,,,,804A,,804A,804A,,,,,,,,,,S807A_S811A,814A_R,,,,
106,,,,,,805A,,805A,805A,,,,,,,,,,,812A_R,,,,
107,,3,,G,S802A_S808A,804A,806A,806A,806A,814A,S802A_S808A,814A_L,802A,811A_L,811A_sL,802A,Nil,Nil,S801A_S803A,814A_L,Nil,S802A,No,Nil
108,,,,,,805A,803A,803A,803A,815A,,815A_L,,,,801A,,,S803A_S811A,815A_L,,,,
109,,,,,,,,804A,804A,813A,,813A_L,,,,,,,,813A_L,,,,
110,,,,,,,,805A,805A,811A,,,,,,,,,,811A_L,,,,
111,,,,,,,,802A,802A,,,,,,,,,,,814A_R,,,,
112,,,,,,,,801A,801A,,,,,,,,,,,815A_R,,,,
113,,,,,,,,,,,,,,,,,,,,813A_R,,,,
114,,,,,,,,,,,,,,,,,,,,811A_R,,,,
115,,4,,V,S802A_S808A,804A,806A,806A,806A,814A,S802A_S808A,814A_L,Nil,Nil,Nil,Nil,Nil,Nil,S801A_S803A,814A_L,Nil,S802A,No,Nil
116,,,,,,805A,803A,803A,803A,815A,,815A_L,,,,,,,S803A_S811A,815A_L,,,,
117,,,,,,,,804A,804A,,,813A_L,,,,,,,,813A_L,,,,
118,,,,,,,,805A,805A,,,,,,,,,,,814A_R,,,,
119,,,,,,,,,,,,,,,,,,,,815A_R,,,,
120,,,,,,,,,,,,,,,,,,,,813A_R,,,,
121,8,1,S804A,G,S804A_S822A,802A,Nil,802A,802A,810A,S804A_S822A,810A_L,Nil,Nil,Nil,Nil,Nil,802A_L,S803B_S805A,810A_L,802A,S804A,No,Nil
122,,,,,,801A,,801A,801A,808A,,808A_L,,,,,,,S807B_S805A,808A_L,,,,
123,,,,,,,,,,806A,,806A_L,,,,,,,S805A_S807A,806A_L,,,,
124,,,,,,,,,,804A,,804A_L,,,,,,,VS821A_S805A,804A_L,,,,
125,,,,,,,,,,802A,,,,,,,,,VS831B_VS821A,802A_L,,,,
126,,,,,,,,,,,,,,,,,,,S811B_S805A,810A_R,,,,
127,,,,,,,,,,,,,,,,,,,,808A_R,,,,
128,,,,,,,,,,,,,,,,,,,,806A_R,,,,
129,,,,,,,,,,,,,,,,,,,,804A_R,,,,
130,,,,,,,,,,,,,,,,,,,,802A_R,,,,
131,,2,,V,S804A_S822A,802A,Nil,802A,802A,810A,S804A_S822A,810A_L,Nil,Nil,Nil,Nil,Nil,Nil,S803B_S805A,810A_L,Nil,S804A,No,Nil
132,,,,,,801A,,801A,801A,,,808A_L,,,,,,,S807B_S805A,808A_L,,,,
133,,,,,,,,,,,,806A_L,,,,,,,S805A_S807A,806A_L,,,,
134,,,,,,,,,,,,804A_L,,,,,,,VS821A_S805A,804A_L,,,,
135,,,,,,,,,,,,,,,,,,,VS831B_VS821A,810A_R,,,,
136,,,,,,,,,,,,,,,,,,,S811B_S805A,808A_R,,,,
137,,,,,,,,,,,,,,,,,,,,806A_R,,,,
138,,,,,,,,,,,,,,,,,,,,804A_R,,,,
139,,3,,G,S804A_S806B,Nil,802A,802A,802A,810A,S804A_S806B,810A_L,Nil,Nil,Nil,Nil,Nil,821B_L,S821A_S801A,810A_L,821B,S804A,No,Nil
140,,,,,,,801A,801A,801A,811A,,811A_L,,,,,,,S801A_S807A,811A_L,,,,
141,,,,,,,,,,809A,,809A_L,,,,,,,S803B_S831B,809A_L,,,,
142,,,,,,,,,,807A,,807A_L,,,,,,,S807B_S831B,807A_L,,,,
143,,,,,,,,,,805A,,805A_L,,,,,,,S811B_S831B,805A_L,,,,
144,,,,,,,,,,803A,,803A_L,,,,,,,S831B_S821A,803A_L,,,,
145,,,,,,,,,,801A,,801A_L,,,,,,,S803B_VS801B,801A_L,,,,
146,,,,,,,,,,827B,,827B_L,,,,,,,S807B_VS801B,827B_L,,,,
147,,,,,,,,,,825B,,825B_L,,,,,,,S811B_VS801B,825B_L,,,,
148,,,,,,,,,,823B,,823B_L,,,,,,,,823B_L,,,,
149,,,,,,,,,,821B,,,,,,,,,,821B_L,,,,
150,,,,,,,,,,,,,,,,,,,,810A_R,,,,
151,,,,,,,,,,,,,,,,,,,,811A_R,,,,
152,,,,,,,,,,,,,,,,,,,,809A_R,,,,
153,,,,,,,,,,,,,,,,,,,,807A_R,,,,
154,,,,,,,,,,,,,,,,,,,,805A_R,,,,
155,,,,,,,,,,,,,,,,,,,,803A_R,,,,
156,,,,,,,,,,,,,,,,,,,,801A_R,,,,
157,,,,,,,,,,,,,,,,,,,,827B_R,,,,
158,,,,,,,,,,,,,,,,,,,,825B_R,,,,
159,,,,,,,,,,,,,,,,,,,,823B_R,,,,
160,,,,,,,,,,,,,,,,,,,,821B_R,,,,
161,,4,,V,S804A_S806B,Nil,802A,802A,802A,810A,S804A_S806B,810A_L,Nil,Nil,Nil,Nil,Nil,Nil,S821A_S801A,810A_L,Nil,S804A,No,Nil
162,,,,,,,801A,801A,801A,811A,,811A_L,,,,,,,S801A_S807A,811A_L,,,,
163,,,,,,,,,,,,809A_L,,,,,,,S803B_S831B,809A_L,,,,
164,,,,,,,,,,,,807A_L,,,,,,,S807B_S831B,807A_L,,,,
165,,,,,,,,,,,,805A_L,,,,,,,S811B_S831B,805A_L,,,,
166,,,,,,,,,,,,803A_L,,,,,,,S831B_S821A,803A_L,,,,
167,,,,,,,,,,,,801A_L,,,,,,,S803B_VS801B,801A_L,,,,
168,,,,,,,,,,,,827B_L,,,,,,,S807B_VS801B,827B_L,,,,
169,,,,,,,,,,,,825B_L,,,,,,,S811B_VS801B,825B_L,,,,
170,,,,,,,,,,,,823B_L,,,,,,,,823B_L,,,,
171,,,,,,,,,,,,,,,,,,,,810A_R,,,,
172,,,,,,,,,,,,,,,,,,,,811A_R,,,,
173,,,,,,,,,,,,,,,,,,,,809A_R,,,,
174,,,,,,,,,,,,,,,,,,,,807A_R,,,,
175,,,,,,,,,,,,,,,,,,,,805A_R,,,,
176,,,,,,,,,,,,,,,,,,,,803A_R,,,,
177,,,,,,,,,,,,,,,,,,,,801A_R,,,,
178,,,,,,,,,,,,,,,,,,,,827B_R,,,,
179,,,,,,,,,,,,,,,,,,,,825B_R,,,,
180,,,,,,,,,,,,,,,,,,,,823B_R,,,,
181,,5,,V,S804A_VS822A,Nil,802A,802A,802A,810A,S804A_VS822A,810A_L,Nil,Nil,Nil,Nil,Nil,Nil,S821A_S801A,810A_L,Nil,S804A,No,Nil
182,,,,,,,801A,801A,801A,811A,,811A_L,,,,,,,S801A_S807A,811A_L,,,,
183,,,,,,,,,,,,809A_L,,,,,,,S831B_S821A,809A_L,,,,
184,,,,,,,,,,,,807A_L,,,,,,,,807A_L,,,,
185,,,,,,,,,,,,805A_L,,,,,,,,805A_L,,,,
186,,,,,,,,,,,,803A_L,,,,,,,,803A_L,,,,
187,,,,,,,,,,,,,,,,,,,,810A_R,,,,
188,,,,,,,,,,,,,,,,,,,,811A_R,,,,
189,,,,,,,,,,,,,,,,,,,,809A_R,,,,
190,,,,,,,,,,,,,,,,,,,,807A_R,,,,
191,,,,,,,,,,,,,,,,,,,,805A_R,,,,
192,,,,,,,,,,,,,,,,,,,,803A_R,,,,
193,,6,,V,S804A_VS802A,Nil,802A,802A,802A,810A,S804A_VS802A,810A_sL,Nil,Nil,Nil,Nil,Nil,Nil,S821A_S801A,810A_L,Nil,S804A,No,Nil
194,,,,,,,801A,801A,801A,811A,,811A_sL,,,,,,,S801A_S807A,811A_L,,,,
195,,,,,,,,,,809A,,809A_sL,,,,,,,,809A_L,,,,
196,,,,,,,,,,807A,,807A_sL,,,,,,,,807A_L,,,,
197,,,,,,,,,,,,,,,,,,,,810A_R,,,,
198,,,,,,,,,,,,,,,,,,,,811A_R,,,,
199,,,,,,,,,,,,,,,,,,,,809A_R,,,,
200,,,,,,,,,,,,,,,,,,,,807A_R,,,,
201,9,1,S822A,G,S822A_S832B,Nil,Nil,Nil,Nil,802A,S822A_S832B,802A_L,Nil,Nil,Nil,Nil,Nil,824B_L,S803B_S805A,802A_L,824B,S822A,No,Nil
202,,,,,,,,,,828B,,828B_L,,,,,,,S803B_VS831B,828B_L,,,,
203,,,,,,,,,,826B,,826B_L,,,,,,,S807B_S805A,826B_L,,,,
204,,,,,,,,,,824B,,,,,,,,,S807B_VS831B,824B_L,,,,
205,,,,,,,,,,,,,,,,,,,VS831B_VS821A,802A_R,,,,
206,,,,,,,,,,,,,,,,,,,S811B_S805A,828B_R,,,,
207,,,,,,,,,,,,,,,,,,,S811B_VS831B,826B_R,,,,
208,,,,,,,,,,,,,,,,,,,,824B_R,,,,
209,,2,,V,S822A_S832B,Nil,Nil,Nil,Nil,802A,S822A_S832B,802A_L,Nil,Nil,Nil,Nil,Nil,Nil,S803B_S805A,802A_L,Nil,S822A,No,Nil
210,,,,,,,,,,,,828B_L,,,,,,,S803B_VS831B,828B_L,,,,
211,,,,,,,,,,,,826B_L,,,,,,,S807B_S805A,826B_L,,,,
212,,,,,,,,,,,,,,,,,,,S807B_VS831B,802A_R,,,,
213,,,,,,,,,,,,,,,,,,,VS831B_VS821A,828B_R,,,,
214,,,,,,,,,,,,,,,,,,,S811B_S805A,826B_R,,,,
215,,,,,,,,,,,,,,,,,,,S811B_VS831B,,,,,
216,10,1,S806A,G,S806A_S804A,803A,805A,805A,805A,815A,S806A_S804A,815A_L,804A,810A_L,810A_sL,801A,Nil,Nil,S801A_S807A,815A_L,Nil,S806A,No,Nil
217,,,,,,806A,804A,804A,804A,814A,,814A_L,,,,802A,,,S805A_S807A,814A_L,,,,
218,,,,,,,,803A,803A,812A,,812A_L,806A,810A_L,810A_sL,Nil,801A,,S807A_S809A,812A_L,,,,
219,,,,,,,,806A,806A,810A,,,,811A_L,811A_sL,,802A,,,810A_L,,,,
220,,,,,,,,801A,801A,,,,,,,,,,,815A_R,,,,
221,,,,,,,,802A,802A,,,,,,,,,,,814A_R,,,,
222,,,,,,,,,,,,,,,,,,,,812A_R,,,,
223,,,,,,,,,,,,,,,,,,,,810A_R,,,,
224,,2,,V,S806A_S804A,803A,805A,805A,805A,815A,S806A_S804A,815A_L,Nil,Nil,Nil,Nil,Nil,Nil,S801A_S807A,815A_L,Nil,S806A,No,Nil
225,,,,,,806A,804A,804A,804A,814A,,814A_L,,,,,,,S805A_S807A,814A_L,,,,
226,,,,,,,,803A,803A,,,812A_L,,,,,,,S807A_S809A,812A_L,,,,
227,,,,,,,,806A,806A,,,,,,,,,,,815A_R,,,,
228,,,,,,,,,,,,,,,,,,,,814A_R,,,,
229,,,,,,,,,,,,,,,,,,,,812A_R,,,,
230,,3,,G,S806A_S808A,805A,Nil,805A,805A,815A,S806A_S808A,815A_L,802A,811A_L,811A_sL,801A,Nil,Nil,S801A_S803A,815A_L,Nil,S806A,No,Nil
231,,,,,,804A,,804A,804A,813A,,813A_L,,,,802A,,,S803A_S809A,813A_L,,,,
232,,,,,,803A,,803A,803A,811A,,,,,,,,,,811A_L,,,,
233,,,,,,806A,,806A,806A,,,,,,,,,,,815A_R,,,,
234,,,,,,,,801A,801A,,,,,,,,,,,813A_R,,,,
235,,,,,,,,802A,802A,,,,,,,,,,,811A_R,,,,
236,,4,,V,S806A_S808A,805A,Nil,805A,805A,815A,S806A_S808A,815A_L,Nil,Nil,Nil,Nil,Nil,Nil,S801A_S803A,815A_L,Nil,S806A,No,Nil
237,,,,,,804A,,804A,804A,,,813A_L,,,,,,,S803A_S809A,813A_L,,,,
238,,,,,,803A,,803A,803A,,,,,,,,,,,815A_R,,,,
239,,,,,,806A,,806A,806A,,,,,,,,,,,813A_R,,,,
240,11,1,S808A,G,S808A_S806B,801A,Nil,801A,801A,811A,S808A_S806B,811A_L,Nil,Nil,Nil,Nil,Nil,821B_L,S821A_S801A,811A_L,821B,S808A,No,Nil
241,,,,,,802A,,802A,802A,809A,,809A_L,,,,,,,S801A_S803A,809A_L,,,,
242,,,,,,,,,,807A,,807A_L,,,,,,,S803B_S831B,807A_L,,,,
243,,,,,,,,,,805A,,805A_L,,,,,,,S831B_S821A,805A_L,,,,
244,,,,,,,,,,803A,,803A_L,,,,,,,S807B_S831B,803A_L,,,,
245,,,,,,,,,,801A,,801A_L,,,,,,,S811B_S831B,801A_L,,,,
246,,,,,,,,,,827B,,827B_L,,,,,,,S803B_VS801B,827B_L,,,,
247,,,,,,,,,,825B,,825B_L,,,,,,,S807B_VS801B,825B_L,,,,
248,,,,,,,,,,823B,,823B_L,,,,,,,S811B_VS801B,823B_L,,,,
249,,,,,,,,,,821B,,,,,,,,,,821B_L,,,,
250,,,,,,,,,,,,,,,,,,,,811A_R,,,,
251,,,,,,,,,,,,,,,,,,,,809A_R,,,,
252,,,,,,,,,,,,,,,,,,,,807A_R,,,,
253,,,,,,,,,,,,,,,,,,,,805A_R,,,,
254,,,,,,,,,,,,,,,,,,,,803A_R,,,,
255,,,,,,,,,,,,,,,,,,,,801A_R,,,,
256,,,,,,,,,,,,,,,,,,,,827B_R,,,,
257,,,,,,,,,,,,,,,,,,,,825B_R,,,,
258,,,,,,,,,,,,,,,,,,,,823B_R,,,,
259,,,,,,,,,,,,,,,,,,,,821B_R,,,,
260,,2,,V,S808A_S806B,801A,Nil,801A,801A,811A,S808A_S806B,811A_L,Nil,Nil,Nil,Nil,Nil,Nil,S821A_S801A,811A_L,Nil,S808A,No,Nil
261,,,,,,802A,,802A,802A,,,809A_L,,,,,,,S801A_S803A,809A_L,,,,
262,,,,,,,,,,,,807A_L,,,,,,,S803B_S831B,807A_L,,,,
263,,,,,,,,,,,,805A_L,,,,,,,S831B_S821A,805A_L,,,,
264,,,,,,,,,,,,803A_L,,,,,,,S807B_S831B,803A_L,,,,
265,,,,,,,,,,,,801A_L,,,,,,,S811B_S831B,801A_L,,,,
266,,,,,,,,,,,,827B_L,,,,,,,S803B_VS801B,827B_L,,,,
267,,,,,,,,,,,,825B_L,,,,,,,S807B_VS801B,825B_L,,,,
268,,,,,,,,,,,,823B_L,,,,,,,S811B_VS801B,823B_L,,,,
269,,,,,,,,,,,,,,,,,,,,811A_R,,,,
270,,,,,,,,,,,,,,,,,,,,809A_R,,,,
271,,,,,,,,,,,,,,,,,,,,807A_R,,,,
272,,,,,,,,,,,,,,,,,,,,805A_R,,,,
273,,,,,,,,,,,,,,,,,,,,803A_R,,,,
274,,,,,,,,,,,,,,,,,,,,801A_R,,,,
275,,,,,,,,,,,,,,,,,,,,827B_R,,,,
276,,,,,,,,,,,,,,,,,,,,825B_R,,,,
277,,,,,,,,,,,,,,,,,,,,823B_R,,,,
278,,3,,V,S808A_VS822A,801A,Nil,801A,801A,811A,S808A_VS822A,811A_L,Nil,Nil,Nil,Nil,Nil,Nil,S821A_S801A,811A_L,Nil,S808A,No,Nil
279,,,,,,802A,,802A,802A,,,809A_L,,,,,,,S801A_S803A,809A_L,,,,
280,,,,,,,,,,,,807A_L,,,,,,,S831B_S821A,807A_L,,,,
281,,,,,,,,,,,,805A_L,,,,,,,,805A_L,,,,
282,,,,,,,,,,,,803A_L,,,,,,,,803A_L,,,,
283,,,,,,,,,,,,,,,,,,,,811A_R,,,,
284,,,,,,,,,,,,,,,,,,,,809A_R,,,,
285,,,,,,,,,,,,,,,,,,,,807A_R,,,,
286,,,,,,,,,,,,,,,,,,,,805A_R,,,,
287,,,,,,,,,,,,,,,,,,,,803A_R,,,,
288,,4,,V,S808A_VS802A,801A,Nil,801A,801A,811A,S808A_VS802A,811A_sL,Nil,Nil,Nil,Nil,Nil,Nil,S821A_S801A,811A_L,Nil,S808A,No,Nil
289,,,,,,802A,,802A,802A,809A,,809A_sL,,,,,,,S801A_S803A,809A_L,,,,
290,,,,,,,,,,807A,,807A_sL,,,,,,,,807A_L,,,,
291,,,,,,,,,,,,,,,,,,,,811A_R,,,,
292,,,,,,,,,,,,,,,,,,,,809A_R,,,,
293,,,,,,,,,,,,,,,,,,,,807A_R,,,,
294,12,1,VS822A,OFF,VS822A_VS832B,Nil,Nil,Nil,Nil,801A,VS822A_VS832B,801A_L,Nil,Nil,Nil,Nil,Nil,Nil,S803B_S831B,801A_L,Nil,VS822A,No,Nil
295,,,,,,,,,,,,827B_L,,,,,,,S831B_S821A,827B_L,,,,
296,,,,,,,,,,,,825B_L,,,,,,,S807B_S831B,825B_L,,,,
297,,,,,,,,,,,,,,,,,,,S811B_S831B,801A_R,,,,
298,,,,,,,,,,,,,,,,,,,,827B_R,,,,
299,,,,,,,,,,,,,,,,,,,,825B_R,,,,
,,,,,,,,,,,,,,,,,,,,,,,,