1,1,1,S821B,G,S821B_S801B,Nil,Nil,Nil,Nil,805B,S821B_S801B,805B_R,Nil,Nil,Nil,Nil,Nil,809B_R,S804B_S806C,805B_R,809B,S821B,No,Nil,
2,,,,,,,,,,807B,,807B_R,,,,,,,S804B_VS822B,807B_R,,,,,
3,,,,,,,,,,809B,,,,,,,,,S810B_S806C,809B_R,,,,,
4,,,,,,,,,,,,,,,,,,,S810B_VS822B,805B_L,,,,,
5,,,,,,,,,,,,,,,,,,,S816B_S806C,807B_L,,,,,
6,,,,,,,,,,,,,,,,,,,S816B_VS822B,809B_L,,,,,
7,2,1,S801B,G,S801B_S803B,801B,Nil,801B,801B,809B,S801B_S803B,809B_R,801B,817B_R,817B_sR,809B,Nil,Nil,S802B_S810B,809B_R,Nil,S801B,No,Nil,
8,,,,,,802B,,802B,802B,811B,,811B_R,,,,810B,,,S806B_S810B,811B_R,,,,,
9,,,,,,805B,,805B,805B,813B,,813B_R,,,,,,,S810B_S806C,813B_R,,,,,
10,,,,,,806B,,806B,806B,815B,,815B_R,,,,,,,S810B_VS822B,815B_R,,,,,
11,,,,,,803B,,803B,803B,817B,,,,,,,,,S810B_VS804B,817B_R,,,,,
12,,,,,,804B,,804B,804B,,,,,,,,,,S808B_S810B,809B_L,,,,,
13,,,,,,,,809B,809B,,,,,,,,,,,811B_L,,,,,
14,,,,,,,,810B,810B,,,,,,,,,,,813B_L,,,,,
15,,,,,,,,,,,,,,,,,,,,815B_L,,,,,
16,,,,,,,,,,,,,,,,,,,,817B_L,,,,,
17,,3,,G,S801B_S807B,801B,803B,801B,801B,809B,S801B_S807B,809B_R,803B,816B_R,816B_sR,809B,Nil,Nil,S802B_S804B,809B_R,Nil,S801B,No,Nil,
18,,,,,,802B,804B,802B,802B,811B,,811B_R,,,,810B,,,S804B_S806C,811B_R,,,,,
19,,,,,,805B,,805B,805B,813B,,813B_R,805B,816B_R,816B_sR,Nil,809B,,S804B_VS822B,813B_R,,,,,
20,,,,,,806B,,806B,806B,812B,,812B_R,,817B_R,817B_sR,,810B,,S804B_VS804B,812B_R,,,,,
21,,,,,,,,803B,803B,814B,,814B_R,,,,,,,S806B_S804B,814B_R,,,,,
22,,,,,,,,804B,804B,816B,,,,,,,,,S808B_S804B,816B_R,,,,,
23,,,,,,,,809B,809B,,,,,,,,,,,809B_L,,,,,
24,,,,,,,,810B,810B,,,,,,,,,,,811B_L,,,,,
25,,,,,,,,,,,,,,,,,,,,813B_L,,,,,
26,,,,,,,,,,,,,,,,,,,,812B_L,,,,,
27,,,,,,,,,,,,,,,,,,,,814B_L,,,,,
28,,,,,,,,,,,,,,,,,,,,816B_L,,,,,
29,,5,,G,S801B_S811B,801B,805B,801B,801B,809B,S801B_S811B,809B_R,807B,833B_R,833B_sR,813B,Nil,Nil,S802B_S816B,809B_R,Nil,S801B,No,831H,
30,,,,,,802B,806B,802B,802B,811B,,811B_R,,,,,,,S806B_S816B,811B_R,,,,,
31,,,,,,807B,,805B,805B,829B,,829B_R,,,,,,,S808B_S816B,829B_R,,,,,
32,,,,,,,,806B,806B,831B,,831B_R,,,,,,,S812B_S816B,831B_R,,,,,
33,,,,,,,,807B,807B,833B,,,,,,,,,S814B_S816B,833B_R,,,,,
34,,,,,,,,813B,813B,,,,,,,,,,S816B_S806C,809B_L,,,,,
35,,,,,,,,,827H,,,,,,,,,,S816B_VS822B,811B_L,,,,,
36,,,,,,,,,,,,,,,,,,,S816B_VS804B,829B_L,,,,,
37,,,,,,,,,,,,,,,,,,,,831B_L,,,,,
38,,,,,,,,,,,,,,,,,,,,833B_L,,,,,
39,3,1,S803B,G,S803B_S831B,809B,Nil,809B,809B,817B,S803B_S831B,817B_R,Nil,Nil,Nil,Nil,Nil,827B_R,VS832B_S806B,817B_R,827B,S803B,No,Nil,
40,,,,,,810B,,810B,810B,819B,,819B_R,,,,,,,S806B_S810B,819B_R,,,,,
41,,,,,,815B,,815B,815B,821B,,821B_R,,,,,,,S804A_S806B,821B_R,,,,,
42,,,,,,816B,,816B,816B,823B,,823B_R,,,,,,,S808A_S806B,823B_R,,,,,
43,,,,,,811B,,811B,811B,825B,,825B_R,,,,,,,VS822A_VS832B,825B_R,,,,,
44,,,,,,812B,,812B,812B,827B,,,,,,,,,,827B_R,,,,,
45,,,,,,817B,,817B,817B,,,,,,,,,,,817B_L,,,,,
46,,,,,,,,,,,,,,,,,,,,819B_L,,,,,
47,,,,,,,,,,,,,,,,,,,,821B_L,,,,,
48,,,,,,,,,,,,,,,,,,,,823B_L,,,,,
49,,,,,,,,,,,,,,,,,,,,825B_L,,,,,
50,,,,,,,,,,,,,,,,,,,,827B_L,,,,,
51,,3,,G,S803B_S805A,809B,811B,809B,809B,817B,S803B_S805A,817B_R,Nil,Nil,Nil,Nil,Nil,808A_R,S832B_S802B,817B_R,808A,S803B,No,Nil,
52,,,,,,810B,812B,810B,810B,819B,,819B_R,,,,,,,S802B_S810B,819B_R,,,,,
53,,,,,,815B,,815B,815B,818B,,818B_R,,,,,,,S804A_S822A,818B_R,,,,,
54,,,,,,816B,,816B,816B,820B,,820B_R,,,,,,,S822A_S832B,820B_R,,,,,
55,,,,,,,,811B,811B,822B,,822B_R,,,,,,,,822B_R,,,,,
56,,,,,,,,812B,812B,824B,,824B_R,,,,,,,,824B_R,,,,,
57,,,,,,,,,,826B,,826B_R,,,,,,,,826B_R,,,,,
58,,,,,,,,,,828B,,828B_R,,,,,,,,828B_R,,,,,
59,,,,,,,,,,802A,,802A_R,,,,,,,,802A_R,,,,,
60,,,,,,,,,,804A,,804A_R,,,,,,,,804A_R,,,,,
61,,,,,,,,,,806A,,806A_R,,,,,,,,806A_R,,,,,
62,,,,,,,,,,808A,,,,,,,,,,808A_R,,,,,
63,,,,,,,,,,,,,,,,,,,,817B_L,,,,,
64,,,,,,,,,,,,,,,,,,,,819B_L,,,,,
65,,,,,,,,,,,,,,,,,,,,818B_L,,,,,
66,,,,,,,,,,,,,,,,,,,,820B_L,,,,,
67,,,,,,,,,,,,,,,,,,,,822B_L,,,,,
68,,,,,,,,,,,,,,,,,,,,824B_L,,,,,
69,,,,,,,,,,,,,,,,,,,,826B_L,,,,,
70,,,,,,,,,,,,,,,,,,,,828B_L,,,,,
71,,,,,,,,,,,,,,,,,,,,802A_L,,,,,
72,,,,,,,,,,,,,,,,,,,,804A_L,,,,,
73,,,,,,,,,,,,,,,,,,,,806A_L,,,,,
74,,,,,,,,,,,,,,,,,,,,808A_L,,,,,
75,,5,,V,S803B_VS831B,809B,811B,809B,809B,817B,S803B_VS831B,817B_R,Nil,Nil,Nil,Nil,Nil,Nil,S832B_S802B,817B_R,Nil,S803B,No,Nil,
76,,,,,,810B,812B,810B,810B,819B,,819B_R,,,,,,,S802B_S810B,819B_R,,,,,
77,,,,,,815B,,815B,815B,818B,,818B_R,,,,,,,S822A_S832B,818B_R,,,,,
78,,,,,,816B,,816B,816B,,,820B_R,,,,,,,,820B_R,,,,,
79,,,,,,,,811B,811B,,,822B_R,,,,,,,,822B_R,,,,,
80,,,,,,,,812B,812B,,,824B_R,,,,,,,,824B_R,,,,,
81,,,,,,,,,,,,826B_R,,,,,,,,826B_R,,,,,
82,,,,,,,,,,,,,,,,,,,,817B_L,,,,,
83,,,,,,,,,,,,,,,,,,,,819B_L,,,,,
84,,,,,,,,,,,,,,,,,,,,818B_L,,,,,
85,,,,,,,,,,,,,,,,,,,,820B_L,,,,,
86,,,,,,,,,,,,,,,,,,,,822B_L,,,,,
87,,,,,,,,,,,,,,,,,,,,824B_L,,,,,
88,,,,,,,,,,,,,,,,,,,,826B_L,,,,,
89,,6,,V,S803B_VS801B,809B,Nil,809B,809B,817B,S803B_VS801B,817B_sR,Nil,Nil,Nil,Nil,Nil,Nil,VS832B_S806B,817B_R,Nil,S803B,No,Nil,
90,,,,,,810B,,810B,810B,819B,,819B_sR,,,,,,,S806B_S810B,819B_R,,,,,
91,,,,,,815B,,815B,815B,821B,,821B_sR,,,,,,,S804A_S806B,821B_R,,,,,
92,,,,,,816B,,816B,816B,823B,,823B_sR,,,,,,,S808A_S806B,823B_R,,,,,
93,,,,,,811B,,811B,811B,,,,,,,,,,,817B_L,,,,,
94,,,,,,812B,,812B,812B,,,,,,,,,,,819B_L,,,,,
95,,,,,,817B,,817B,817B,,,,,,,,,,,821B_L,,,,,
96,,,,,,,,,,,,,,,,,,,,823B_L,,,,,
97,,7,,V,S803B_VS803B,809B,811B,809B,809B,817B,S803B_VS803B,817B_sR,Nil,Nil,Nil,Nil,Nil,Nil,S832B_S802B,817B_R,Nil,S803B,No,Nil,
98,,,,,,810B,812B,810B,810B,819B,,819B_sR,,,,,,,S802B_S810B,819B_R,,,,,
99,,,,,,815B,,815B,815B,818B,,818B_sR,,,,,,,,818B_R,,,,,
100,,,,,,816B,,816B,816B,820B,,820B_sR,,,,,,,,820B_R,,,,,
101,,,,,,,,811B,811B,822B,,822B_sR,,,,,,,,822B_R,,,,,
102,,,,,,,,812B,812B,,,,,,,,,,,817B_L,,,,,
103,,,,,,,,,,,,,,,,,,,,819B_L,,,,,
104,,,,,,,,,,,,,,,,,,,,818B_L,,,,,
105,,,,,,,,,,,,,,,,,,,,820B_L,,,,,
106,,,,,,,,,,,,,,,,,,,,822B_L,,,,,
107,,8,,G,S803B_S803H,809B,817B,809B,809B,817B,S803B_S803H,817B_R,Nil,Nil,Nil,Nil,Nil,Nil,S808B_S810B,817B_R,Nil,S803B,No,Nil,
108,,,,,,810B,,810B,810B,819B,,819B_R,,,,,,,,819B_R,,,,,
109,,,,,,815B,,815B,815B,802H,,,,,,,,,,817B_L,,,,,
110,,,,,,816B,,816B,816B,,,,,,,,,,,819B_L,,,,,
111,,,,,,811B,,811B,811B,,,,,,,,,,,,,,,,
112,,,,,,812B,,812B,812B,,,,,,,,,,,,,,,,
113,,,,,,,,817B,817B,,,,,,,,,,,,,,,,
114,4,1,S831B,G,S831B_S821A,Nil,Nil,Nil,Nil,827B,S831B_S821A,827B_R,Nil,Nil,Nil,Nil,Nil,805A_R,S804A_S806B,827B_R,805A,S831B,No,Nil,
115,,,,,,,,,,801A,,801A_R,,,,,,,S804A_VS822A,801A_R,,,,,
116,,,,,,,,,,803A,,803A_R,,,,,,,S808A_S806B,803A_R,,,,,
117,,,,,,,,,,805A,,,,,,,,,S808A_VS822A,805A_R,,,,,
118,,,,,,,,,,,,,,,,,,,VS822A_VS832B,827B_L,,,,,
119,,,,,,,,,,,,,,,,,,,,801A_L,,,,,
120,,,,,,,,,,,,,,,,,,,,803A_L,,,,,
121,,,,,,,,,,,,,,,,,,,,805A_L,,,,,
122,5,1,VS821B,OFF,VS821B_S805B,Nil,Nil,Nil,Nil,806B,VS821B_S805B,806B_R,Nil,Nil,Nil,Nil,Nil,Nil,S804B_S822B,806B_R,Nil,VS821B,No,Nil,
123,,,,,,,,,,,,,,,,,,,S804B_VS802B,806B_L,,,,,
124,,,,,,,,,,,,,,,,,,,S810B_S822B,,,,,,
125,,,,,,,,,,,,,,,,,,,S810B_VS802B,,,,,,
126,,,,,,,,,,,,,,,,,,,S816B_S822B,,,,,,
127,,,,,,,,,,,,,,,,,,,S816B_VS802B,,,,,,
128,6,1,S805B,G,S805B_S803B,805B,801B,801B,801B,808B,S805B_S803B,808B_R,801B,817B_R,817B_sR,809B,Nil,Nil,S802B_S810B,808B_R,Nil,S805B,No,Nil,
129,,,,,,806B,802B,802B,802B,810B,,810B_R,,,,810B,,,S806B_S810B,810B_R,,,,,
130,,,,,,803B,,805B,805B,811B,,811B_R,,,,,,,S810B_S822B,811B_R,,,,,
131,,,,,,804B,,806B,806B,813B,,813B_R,,,,,,,S810B_VS802B,813B_R,,,,,
132,,,,,,,,803B,803B,815B,,815B_R,,,,,,,S808B_S810B,815B_R,,,,,
133,,,,,,,,804B,804B,817B,,,,,,,,,,817B_R,,,,,
134,,,,,,,,809B,809B,,,,,,,,,,,808B_L,,,,,
135,,,,,,,,810B,810B,,,,,,,,,,,810B_L,,,,,
136,,,,,,,,,,,,,,,,,,,,811B_L,,,,,
137,,,,,,,,,,,,,,,,,,,,813B_L,,,,,
138,,,,,,,,,,,,,,,,,,,,815B_L,,,,,
139,,,,,,,,,,,,,,,,,,,,817B_L,,,,,
140,,3,,G,S805B_S807B,801B,Nil,801B,801B,808B,S805B_S807B,808B_R,803B,816B_R,816B_sR,809B,Nil,Nil,S802B_S804B,808B_R,Nil,S805B,No,Nil,
141,,,,,,802B,,802B,802B,810B,,810B_R,,,,810B,,,S804B_S822B,810B_R,,,,,
142,,,,,,803B,,803B,803B,812B,,812B_R,805B,816B_R,816B_sR,Nil,809B,,S804B_VS802B,812B_R,,,,,
143,,,,,,804B,,804B,804B,814B,,814B_R,,817B_R,817B_sR,,810B,,S806B_S804B,814B_R,,,,,
144,,,,,,,,809B,809B,816B,,,,,,,,,S808B_S804B,816B_R,,,,,
145,,,,,,,,810B,810B,,,,,,,,,,,808B_L,,,,,
146,,,,,,,,,,,,,,,,,,,,810B_L,,,,,
147,,,,,,,,,,,,,,,,,,,,812B_L,,,,,
148,,,,,,,,,,,,,,,,,,,,814B_L,,,,,
149,,,,,,,,,,,,,,,,,,,,816B_L,,,,,
150,,5,,G,S805B_S811B,807B,801B,801B,801B,808B,S805B_S811B,808B_R,807B,833B_R,833B_sR,813B,Nil,Nil,S802B_S816B,808B_R,Nil,S805B,No,831H,
151,,,,,,,802B,802B,802B,810B,,810B_R,,,,,,,S806B_S816B,810B_R,,,,,
152,,,,,,,805B,805B,805B,811B,,811B_R,,,,,,,S808B_S816B,811B_R,,,,,
153,,,,,,,806B,806B,806B,829B,,829B_R,,,,,,,S812B_S816B,829B_R,,,,,
154,,,,,,,,807B,807B,831B,,831B_R,,,,,,,S814B_S816B,831B_R,,,,,
155,,,,,,,,813B,813B,833B,,,,,,,,,S816B_S822B,833B_R,,,,,
156,,,,,,,,,827H,,,,,,,,,,S816B_VS802B,808B_L,,,,,
157,,,,,,,,,,,,,,,,,,,,810B_L,,,,,
158,,,,,,,,,,,,,,,,,,,,811B_L,,,,,
159,,,,,,,,,,,,,,,,,,,,829B_L,,,,,
160,,,,,,,,,,,,,,,,,,,,831B_L,,,,,
161,,,,,,,,,,,,,,,,,,,,833B_L,,,,,
162,7,1,S807B,G,S807B_S831B,815B,809B,809B,809B,816B,S807B_S831B,816B_R,Nil,Nil,Nil,Nil,Nil,827B_R,VS832B_S806B,816B_R,827B,S807B,No,Nil,
163,,,,,,816B,810B,810B,810B,817B,,817B_R,,,,,,,S806B_S804B,817B_R,,,,,
164,,,,,,811B,,815B,815B,819B,,819B_R,,,,,,,S804A_S806B,819B_R,,,,,
165,,,,,,812B,,816B,816B,821B,,821B_R,,,,,,,S808A_S806B,821B_R,,,,,
166,,,,,,817B,,811B,811B,823B,,823B_R,,,,,,,VS822A_VS832B,823B_R,,,,,
167,,,,,,,,812B,812B,825B,,825B_R,,,,,,,,825B_R,,,,,
168,,,,,,,,817B,817B,827B,,,,,,,,,,827B_R,,,,,
169,,,,,,,,,,,,,,,,,,,,816B_L,,,,,
170,,,,,,,,,,,,,,,,,,,,817B_L,,,,,
171,,,,,,,,,,,,,,,,,,,,819B_L,,,,,
172,,,,,,,,,,,,,,,,,,,,821B_L,,,,,
173,,,,,,,,,,,,,,,,,,,,823B_L,,,,,
174,,,,,,,,,,,,,,,,,,,,825B_L,,,,,
175,,,,,,,,,,,,,,,,,,,,827B_L,,,,,
176,,3,,G,S807B_S805A,809B,Nil,809B,809B,816B,S807B_S805A,816B_R,Nil,Nil,Nil,Nil,Nil,808A_R,S832B_S802B,816B_R,808A,S807B,No,Nil,
177,,,,,,810B,,810B,810B,818B,,818B_R,,,,,,,S802B_S804B,818B_R,,,,,
178,,,,,,811B,,811B,811B,820B,,820B_R,,,,,,,S804A_S822A,820B_R,,,,,
179,,,,,,812B,,812B,812B,822B,,822B_R,,,,,,,S822A_S832B,822B_R,,,,,
180,,,,,,,,,,824B,,824B_R,,,,,,,,824B_R,,,,,
181,,,,,,,,,,826B,,826B_R,,,,,,,,826B_R,,,,,
182,,,,,,,,,,828B,,828B_R,,,,,,,,828B_R,,,,,
183,,,,,,,,,,802A,,802A_R,,,,,,,,802A_R,,,,,
184,,,,,,,,,,804A,,804A_R,,,,,,,,804A_R,,,,,
185,,,,,,,,,,806A,,806A_R,,,,,,,,806A_R,,,,,
186,,,,,,,,,,808A,,,,,,,,,,808A_R,,,,,
187,,,,,,,,,,,,,,,,,,,,816B_L,,,,,
188,,,,,,,,,,,,,,,,,,,,818B_L,,,,,
189,,,,,,,,,,,,,,,,,,,,820B_L,,,,,
190,,,,,,,,,,,,,,,,,,,,822B_L,,,,,
191,,,,,,,,,,,,,,,,,,,,824B_L,,,,,
192,,,,,,,,,,,,,,,,,,,,826B_L,,,,,
193,,,,,,,,,,,,,,,,,,,,828B_L,,,,,
194,,,,,,,,,,,,,,,,,,,,802A_L,,,,,
195,,,,,,,,,,,,,,,,,,,,804A_L,,,,,
196,,,,,,,,,,,,,,,,,,,,806A_L,,,,,
197,,,,,,,,,,,,,,,,,,,,808A_L,,,,,
198,,5,,V,S807B_VS831B,809B,Nil,809B,809B,816B,S807B_VS831B,816B_R,Nil,Nil,Nil,Nil,Nil,Nil,S832B_S802B,816B_R,Nil,S807B,No,Nil,
199,,,,,,810B,,810B,810B,818B,,818B_R,,,,,,,S802B_S804B,818B_R,,,,,
200,,,,,,811B,,811B,811B,,,820B_R,,,,,,,S822A_S832B,820B_R,,,,,
201,,,,,,812B,,812B,812B,,,822B_R,,,,,,,,822B_R,,,,,
202,,,,,,,,,,,,824B_R,,,,,,,,824B_R,,,,,
203,,,,,,,,,,,,826B_R,,,,,,,,826B_R,,,,,
204,,,,,,,,,,,,,,,,,,,,816B_L,,,,,
205,,,,,,,,,,,,,,,,,,,,818B_L,,,,,
206,,,,,,,,,,,,,,,,,,,,820B_L,,,,,
207,,,,,,,,,,,,,,,,,,,,822B_L,,,,,
208,,,,,,,,,,,,,,,,,,,,824B_L,,,,,
209,,,,,,,,,,,,,,,,,,,,826B_L,,,,,
210,,6,,V,S807B_VS801B,815B,809B,809B,809B,816B,S807B_VS801B,816B_sR,Nil,Nil,Nil,Nil,Nil,Nil,VS832B_S806B,816B_R,Nil,S807B,No,Nil,
211,,,,,,816B,810B,810B,810B,817B,,817B_sR,,,,,,,S806B_S804B,817B_R,,,,,
212,,,,,,811B,,815B,815B,819B,,819B_sR,,,,,,,S804A_S806B,819B_R,,,,,
213,,,,,,812B,,816B,816B,821B,,821B_sR,,,,,,,S808A_S806B,821B_R,,,,,
214,,,,,,817B,,811B,811B,823B,,823B_sR,,,,,,,,823B_R,,,,,
215,,,,,,,,812B,812B,,,,,,,,,,,816B_L,,,,,
216,,,,,,,,817B,817B,,,,,,,,,,,817B_L,,,,,
217,,,,,,,,,,,,,,,,,,,,819B_L,,,,,
218,,,,,,,,,,,,,,,,,,,,821B_L,,,,,
219,,,,,,,,,,,,,,,,,,,,823B_L,,,,,
220,,7,,V,S807B_VS803B,809B,Nil,809B,809B,816B,S807B_VS803B,816B_sR,Nil,Nil,Nil,Nil,Nil,Nil,S832B_S802B,816B_R,Nil,S807B,No,Nil,
221,,,,,,810B,,810B,810B,818B,,818B_sR,,,,,,,S802B_S804B,818B_R,,,,,
222,,,,,,811B,,811B,811B,820B,,820B_sR,,,,,,,,820B_R,,,,,
223,,,,,,812B,,812B,812B,822B,,822B_sR,,,,,,,,822B_R,,,,,
224,,,,,,,,,,,,,,,,,,,,816B_L,,,,,
225,,,,,,,,,,,,,,,,,,,,818B_L,,,,,
226,,,,,,,,,,,,,,,,,,,,820B_L,,,,,
227,,,,,,,,,,,,,,,,,,,,822B_L,,,,,
228,,8,,G,S807B_S803H,815B,809B,809B,809B,816B,S807B_S803H,816B_R,Nil,Nil,Nil,Nil,Nil,Nil,S808B_S804B,816B_R,Nil,S807B,No,Nil,
229,,,,,,816B,810B,810B,810B,817B,,817B_R,,,,,,,,817B_R,,,,,
230,,,,,,811B,817B,815B,815B,819B,,819B_R,,,,,,,,819B_R,,,,,
231,,,,,,812B,,816B,816B,802H,,,,,,,,,,816B_L,,,,,
232,,,,,,,,811B,811B,,,,,,,,,,,817B_L,,,,,
233,,,,,,,,812B,812B,,,,,,,,,,,819B_L,,,,,
234,,,,,,,,817B,817B,,,,,,,,,,,,,,,,
235,8,1,VS831B,OFF,VS831B_VS821A,Nil,Nil,Nil,Nil,828B,VS831B_VS821A,828B_R,Nil,Nil,Nil,Nil,Nil,Nil,S804A_S822A,828B_R,Nil,VS831B,No,Nil,
236,,,,,,,,,,,,802A_R,,,,,,,S822A_S832B,802A_R,,,,,
237,,,,,,,,,,,,804A_R,,,,,,,,804A_R,,,,,
238,,,,,,,,,,,,,,,,,,,,828B_L,,,,,
239,,,,,,,,,,,,,,,,,,,,802A_L,,,,,
240,,,,,,,,,,,,,,,,,,,,804A_L,,,,,
241,9,1,S832B,G,S832B_S802B,Nil,Nil,Nil,Nil,824B,S832B_S802B,824B_L,Nil,Nil,Nil,Nil,Nil,820B_L,S803B_S805A,824B_L,820B,S832B,No,Nil,
242,,,,,,,,,,822B,,822B_L,,,,,,,S803B_VS831B,822B_L,,,,,
243,,,,,,,,,,820B,,,,,,,,,S803B_VS803B,820B_L,,,,,
244,,,,,,,,,,,,,,,,,,,S807B_S805A,824B_R,,,,,
245,,,,,,,,,,,,,,,,,,,S807B_VS831B,822B_R,,,,,
246,,,,,,,,,,,,,,,,,,,S807B_VS803B,820B_R,,,,,
247,,,,,,,,,,,,,,,,,,,S811B_S805A,,,,,,
248,,,,,,,,,,,,,,,,,,,S811B_VS831B,,,,,,
249,,,,,,,,,,,,,,,,,,,S811B_VS803B,,,,,,
250,10,1,S802B,G,S802B_S804B,811B,Nil,811B,811B,820B,S802B_S804B,820B_L,804B,812B_L,812B_sL,803B,Nil,Nil,S801B_S807B,820B_L,Nil,S802B,No,Nil,
251,,,,,,812B,,812B,812B,818B,,818B_L,,,,804B,,,S805B_S807B,818B_L,,,,,
252,,,,,,809B,,809B,809B,816B,,816B_L,806B,812B_L,812B_sL,Nil,803B,,S807B_S805A,816B_L,,,,,
253,,,,,,810B,,810B,810B,814B,,814B_L,,813B_L,813B_sL,,804B,,S807B_VS831B,814B_L,,,,,
254,,,,,,,,803B,803B,812B,,,,,,,,,S807B_VS803B,812B_L,,,,,
255,,,,,,,,804B,804B,,,,,,,,,,,820B_R,,,,,
256,,,,,,,,,,,,,,,,,,,,818B_R,,,,,
257,,,,,,,,,,,,,,,,,,,,816B_R,,,,,
258,,,,,,,,,,,,,,,,,,,,814B_R,,,,,
259,,,,,,,,,,,,,,,,,,,,812B_R,,,,,
260,,3,,G,S802B_S810B,815B,811B,811B,811B,820B,S802B_S810B,820B_L,802B,813B_L,813B_sL,803B,Nil,Nil,S801B_S803B,820B_L,Nil,S802B,No,Nil,
261,,,,,,816B,812B,812B,812B,818B,,818B_L,,,,804B,,,S803B_S805A,818B_L,,,,,
262,,,,,,809B,,815B,815B,819B,,819B_L,,,,,,,S803B_VS831B,819B_L,,,,,
263,,,,,,810B,,816B,816B,817B,,817B_L,,,,,,,S803B_VS803B,817B_L,,,,,
264,,,,,,,,809B,809B,815B,,815B_L,,,,,,,S805B_S803B,815B_L,,,,,
265,,,,,,,,810B,810B,813B,,,,,,,,,,813B_L,,,,,
266,,,,,,,,803B,803B,,,,,,,,,,,820B_R,,,,,
267,,,,,,,,804B,804B,,,,,,,,,,,818B_R,,,,,
268,,,,,,,,,,,,,,,,,,,,819B_R,,,,,
269,,,,,,,,,,,,,,,,,,,,817B_R,,,,,
270,,,,,,,,,,,,,,,,,,,,815B_R,,,,,
271,,,,,,,,,,,,,,,,,,,,813B_R,,,,,
272,,5,,G,S802B_S816B,813B,811B,811B,811B,820B,S802B_S816B,820B_L,808B,829B_L,829B_sL,807B,Nil,Nil,S801B_S811B,820B_L,Nil,S802B,No,831H,
273,,,,,,,812B,812B,812B,818B,,818B_L,810B,829B_L,829B_sL,Nil,807B,,S805B_S811B,818B_L,,,,,
274,,,,,,,815B,815B,815B,819B,,819B_L,,,,,,,S809B_S811B,819B_L,,,,,
275,,,,,,,816B,816B,816B,833B,,833B_L,,,,,,,S811B_S805A,833B_L,,,,,
276,,,,,,,,813B,813B,831B,,831B_L,,,,,,,S811B_VS831B,831B_L,,,,,
277,,,,,,,,807B,807B,829B,,,,,,,,,S811B_VS803B,829B_L,,,,,
278,,,,,,,,,827H,,,,,,,,,,,820B_R,,,,,
279,,,,,,,,,,,,,,,,,,,,818B_R,,,,,
280,,,,,,,,,,,,,,,,,,,,819B_R,,,,,
281,,,,,,,,,,,,,,,,,,,,833B_R,,,,,
282,,,,,,,,,,,,,,,,,,,,831B_R,,,,,
283,,,,,,,,,,,,,,,,,,,,829B_R,,,,,
284,11,1,S804B,G,S804B_S822B,803B,Nil,803B,803B,812B,S804B_S822B,812B_L,Nil,Nil,Nil,Nil,Nil,802B_L,VS821B_S805B,812B_L,802B,S804B,No,Nil,
285,,,,,,804B,,804B,804B,810B,,810B_L,,,,,,,S805B_S807B,810B_L,,,,,
286,,,,,,801B,,801B,801B,808B,,808B_L,,,,,,,S807C_S805B,808B_L,,,,,
287,,,,,,802B,,802B,802B,806B,,806B_L,,,,,,,VS861C_VS821B,806B_L,,,,,
288,,,,,,,,,,804B,,804B_L,,,,,,,,804B_L,,,,,
289,,,,,,,,,,802B,,,,,,,,,,802B_L,,,,,
290,,,,,,,,,,,,,,,,,,,,812B_R,,,,,
291,,,,,,,,,,,,,,,,,,,,810B_R,,,,,
292,,,,,,,,,,,,,,,,,,,,808B_R,,,,,
293,,,,,,,,,,,,,,,,,,,,806B_R,,,,,
294,,,,,,,,,,,,,,,,,,,,804B_R,,,,,
295,,,,,,,,,,,,,,,,,,,,802B_R,,,,,
296,,3,,G,S804B_S806C,805B,803B,803B,803B,812B,S804B_S806C,812B_L,Nil,Nil,Nil,Nil,Nil,835C_L,S821B_S801B,812B_L,835C,S804B,No,Nil,
297,,,,,,806B,804B,804B,804B,813B,,813B_L,,,,,,,S801B_S807B,813B_L,,,,,
298,,,,,,801B,,805B,805B,811B,,811B_L,,,,,,,S803C_S861C,811B_L,,,,,
299,,,,,,802B,,806B,806B,809B,,809B_L,,,,,,,S861C_S821B,809B_L,,,,,
300,,,,,,,,801B,801B,807B,,807B_L,,,,,,,,807B_L,,,,,
301,,,,,,,,802B,802B,805B,,805B_L,,,,,,,,805B_L,,,,,
302,,,,,,,,,,803B,,803B_L,,,,,,,,803B_L,,,,,
303,,,,,,,,,,801B,,801B_L,,,,,,,,801B_L,,,,,
304,,,,,,,,,,841C,,841C_L,,,,,,,,841C_L,,,,,
305,,,,,,,,,,839C,,839C_L,,,,,,,,839C_L,,,,,
306,,,,,,,,,,837C,,837C_L,,,,,,,,837C_L,,,,,
307,,,,,,,,,,835C,,,,,,,,,,835C_L,,,,,
308,,,,,,,,,,,,,,,,,,,,812B_R,,,,,
309,,,,,,,,,,,,,,,,,,,,813B_R,,,,,
310,,,,,,,,,,,,,,,,,,,,811B_R,,,,,
311,,,,,,,,,,,,,,,,,,,,809B_R,,,,,
312,,,,,,,,,,,,,,,,,,,,807B_R,,,,,
313,,,,,,,,,,,,,,,,,,,,805B_R,,,,,
314,,,,,,,,,,,,,,,,,,,,803B_R,,,,,
315,,,,,,,,,,,,,,,,,,,,801B_R,,,,,
316,,,,,,,,,,,,,,,,,,,,841C_R,,,,,
317,,,,,,,,,,,,,,,,,,,,839C_R,,,,,
318,,,,,,,,,,,,,,,,,,,,837C_R,,,,,
319,,,,,,,,,,,,,,,,,,,,835C_R,,,,,
320,,5,,V,S804B_VS822B,805B,803B,803B,803B,812B,S804B_VS822B,812B_L,Nil,Nil,Nil,Nil,Nil,Nil,S821B_S801B,812B_L,Nil,S804B,No,Nil,
321,,,,,,806B,804B,804B,804B,813B,,813B_L,,,,,,,S801B_S807B,813B_L,,,,,
322,,,,,,801B,,805B,805B,811B,,811B_L,,,,,,,S861C_S821B,811B_L,,,,,
323,,,,,,802B,,806B,806B,,,809B_L,,,,,,,,809B_L,,,,,
324,,,,,,,,801B,801B,,,807B_L,,,,,,,,807B_L,,,,,
325,,,,,,,,802B,802B,,,805B_L,,,,,,,,805B_L,,,,,
326,,,,,,,,,,,,803B_L,,,,,,,,803B_L,,,,,
327,,,,,,,,,,,,,,,,,,,,812B_R,,,,,
328,,,,,,,,,,,,,,,,,,,,813B_R,,,,,
329,,,,,,,,,,,,,,,,,,,,811B_R,,,,,
330,,,,,,,,,,,,,,,,,,,,809B_R,,,,,
331,,,,,,,,,,,,,,,,,,,,807B_R,,,,,
332,,,,,,,,,,,,,,,,,,,,805B_R,,,,,
333,,,,,,,,,,,,,,,,,,,,803B_R,,,,,
334,,6,,V,S804B_VS802B,803B,Nil,803B,803B,812B,S804B_VS802B,812B_sL,Nil,Nil,Nil,Nil,Nil,Nil,VS821B_S805B,812B_L,Nil,S804B,No,Nil,
335,,,,,,804B,,804B,804B,810B,,810B_sL,,,,,,,S805B_S807B,810B_L,,,,,
336,,,,,,801B,,801B,801B,808B,,808B_sL,,,,,,,S807C_S805B,808B_L,,,,,
337,,,,,,802B,,802B,802B,806B,,806B_sL,,,,,,,,806B_L,,,,,
338,,,,,,,,,,,,,,,,,,,,812B_R,,,,,
339,,,,,,,,,,,,,,,,,,,,810B_R,,,,,
340,,,,,,,,,,,,,,,,,,,,808B_R,,,,,
341,,,,,,,,,,,,,,,,,,,,806B_R,,,,,
342,,7,,V,S804B_VS804B,805B,803B,803B,803B,812B,S804B_VS804B,812B_sL,Nil,Nil,Nil,Nil,Nil,Nil,S821B_S801B,812B_L,Nil,S804B,No,Nil,
343,,,,,,806B,804B,804B,804B,813B,,813B_sL,,,,,,,S801B_S807B,813B_L,,,,,
344,,,,,,801B,,805B,805B,811B,,811B_sL,,,,,,,,811B_L,,,,,
345,,,,,,802B,,806B,806B,809B,,809B_sL,,,,,,,,809B_L,,,,,
346,,,,,,,,801B,801B,807B,,807B_sL,,,,,,,,807B_L,,,,,
347,,,,,,,,802B,802B,,,,,,,,,,,812B_R,,,,,
348,,,,,,,,,,,,,,,,,,,,813B_R,,,,,
349,,,,,,,,,,,,,,,,,,,,811B_R,,,,,
350,,,,,,,,,,,,,,,,,,,,809B_R,,,,,
351,,,,,,,,,,,,,,,,,,,,807B_R,,,,,
352,12,1,S822B,G,S822B_S862C,Nil,Nil,Nil,Nil,802B,S822B_S862C,802B_L,Nil,Nil,Nil,Nil,Nil,838C_L,S807C_S805B,802B_L,838C,S822B,No,Nil,
353,,,,,,,,,,842C,,842C_L,,,,,,,S807C_VS861C,842C_L,,,,,
354,,,,,,,,,,840C,,840C_L,,,,,,,VS861C_VS821B,840C_L,,,,,
355,,,,,,,,,,838C,,,,,,,,,,838C_L,,,,,
356,,,,,,,,,,,,,,,,,,,,802B_R,,,,,
357,,,,,,,,,,,,,,,,,,,,842C_R,,,,,
358,,,,,,,,,,,,,,,,,,,,840C_R,,,,,
359,,,,,,,,,,,,,,,,,,,,838C_R,,,,,
360,13,1,VS832B,OFF,VS832B_S806B,Nil,Nil,Nil,Nil,823B,VS832B_S806B,823B_L,Nil,Nil,Nil,Nil,Nil,Nil,S803B_S831B,823B_L,Nil,VS832B,No,Nil,
361,,,,,,,,,,,,,,,,,,,S803B_VS801B,823B_R,,,,,
362,,,,,,,,,,,,,,,,,,,S807B_S831B,,,,,,
363,,,,,,,,,,,,,,,,,,,S807B_VS801B,,,,,,
364,,,,,,,,,,,,,,,,,,,S811B_S831B,,,,,,
365,,,,,,,,,,,,,,,,,,,S811B_VS801B,,,,,,
366,14,1,S806B,G,S806B_S804B,817B,809B,817B,817B,821B,S806B_S804B,821B_L,804B,812B_L,812B_sL,803B,Nil,Nil,S801B_S807B,821B_L,Nil,S806B,No,Nil,
367,,,,,,811B,810B,811B,811B,819B,,819B_L,,,,804B,,,S805B_S807B,819B_L,,,,,
368,,,,,,812B,,812B,812B,817B,,817B_L,806B,812B_L,812B_sL,Nil,803B,,S807B_S831B,817B_L,,,,,
369,,,,,,815B,,815B,815B,816B,,816B_L,,813B_L,813B_sL,,804B,,S807B_VS801B,816B_L,,,,,
370,,,,,,816B,,816B,816B,814B,,814B_L,,,,,,,,814B_L,,,,,
371,,,,,,,,809B,809B,812B,,,,,,,,,,812B_L,,,,,
372,,,,,,,,810B,810B,,,,,,,,,,,821B_R,,,,,
373,,,,,,,,803B,803B,,,,,,,,,,,819B_R,,,,,
374,,,,,,,,804B,804B,,,,,,,,,,,817B_R,,,,,
375,,,,,,,,,,,,,,,,,,,,816B_R,,,,,
376,,,,,,,,,,,,,,,,,,,,814B_R,,,,,
377,,,,,,,,,,,,,,,,,,,,812B_R,,,,,
378,,3,,G,S806B_S810B,817B,Nil,817B,817B,821B,S806B_S810B,821B_L,802B,813B_L,813B_sL,803B,Nil,Nil,S801B_S803B,821B_L,Nil,S806B,No,Nil,
379,,,,,,811B,,811B,811B,819B,,819B_L,,,,804B,,,S803B_S831B,819B_L,,,,,
380,,,,,,812B,,812B,812B,817B,,817B_L,,,,,,,S803B_VS801B,817B_L,,,,,
381,,,,,,815B,,815B,815B,815B,,815B_L,,,,,,,S805B_S803B,815B_L,,,,,
382,,,,,,816B,,816B,816B,813B,,,,,,,,,,813B_L,,,,,
383,,,,,,809B,,809B,809B,,,,,,,,,,,821B_R,,,,,
384,,,,,,810B,,810B,810B,,,,,,,,,,,819B_R,,,,,
385,,,,,,,,803B,803B,,,,,,,,,,,817B_R,,,,,
386,,,,,,,,804B,804B,,,,,,,,,,,815B_R,,,,,
387,,,,,,,,,,,,,,,,,,,,813B_R,,,,,
388,,5,,G,S806B_S816B,817B,815B,817B,817B,821B,S806B_S816B,821B_L,808B,829B_L,829B_sL,807B,Nil,Nil,S801B_S811B,821B_L,Nil,S806B,No,831H,
389,,,,,,811B,816B,811B,811B,819B,,819B_L,810B,829B_L,829B_sL,Nil,807B,,S805B_S811B,819B_L,,,,,
390,,,,,,812B,,812B,812B,833B,,833B_L,,,,,,,S809B_S811B,833B_L,,,,,
391,,,,,,813B,,815B,815B,831B,,831B_L,,,,,,,S811B_S831B,831B_L,,,,,
392,,,,,,,,816B,816B,829B,,,,,,,,,S811B_VS801B,829B_L,,,,,
393,,,,,,,,813B,813B,,,,,,,,,,,821B_R,,,,,
394,,,,,,,,807B,807B,,,,,,,,,,,819B_R,,,,,
395,,,,,,,,,827H,,,,,,,,,,,833B_R,,,,,
396,,,,,,,,,,,,,,,,,,,,831B_R,,,,,
397,,,,,,,,,,,,,,,,,,,,829B_R,,,,,
398,15,1,S810B,G,S810B_S822B,803B,801B,803B,803B,813B,S810B_S822B,813B_L,Nil,Nil,Nil,Nil,Nil,802B_L,VS821B_S805B,813B_L,802B,S810B,No,Nil,
399,,,,,,804B,802B,804B,804B,811B,,811B_L,,,,,,,S805B_S803B,811B_L,,,,,
400,,,,,,805B,,805B,805B,810B,,810B_L,,,,,,,S807C_S805B,810B_L,,,,,
401,,,,,,806B,,806B,806B,808B,,808B_L,,,,,,,VS861C_VS821B,808B_L,,,,,
402,,,,,,,,801B,801B,806B,,806B_L,,,,,,,,806B_L,,,,,
403,,,,,,,,802B,802B,804B,,804B_L,,,,,,,,804B_L,,,,,
404,,,,,,,,,,802B,,,,,,,,,,802B_L,,,,,
405,,,,,,,,,,,,,,,,,,,,813B_R,,,,,
406,,,,,,,,,,,,,,,,,,,,811B_R,,,,,
407,,,,,,,,,,,,,,,,,,,,810B_R,,,,,
408,,,,,,,,,,,,,,,,,,,,808B_R,,,,,
409,,,,,,,,,,,,,,,,,,,,806B_R,,,,,
410,,,,,,,,,,,,,,,,,,,,804B_R,,,,,
411,,,,,,,,,,,,,,,,,,,,802B_R,,,,,
412,,3,,G,S810B_S806C,803B,Nil,803B,803B,813B,S810B_S806C,813B_L,Nil,Nil,Nil,Nil,Nil,835C_L,S821B_S801B,813B_L,835C,S810B,No,Nil,
413,,,,,,804B,,804B,804B,811B,,811B_L,,,,,,,S801B_S803B,811B_L,,,,,
414,,,,,,805B,,805B,805B,809B,,809B_L,,,,,,,S861C_S821B,809B_L,,,,,
415,,,,,,806B,,806B,806B,807B,,807B_L,,,,,,,S803C_S861C,807B_L,,,,,
416,,,,,,801B,,801B,801B,805B,,805B_L,,,,,,,,805B_L,,,,,
417,,,,,,802B,,802B,802B,803B,,803B_L,,,,,,,,803B_L,,,,,
418,,,,,,,,,,801B,,801B_L,,,,,,,,801B_L,,,,,
419,,,,,,,,,,841C,,841C_L,,,,,,,,841C_L,,,,,
420,,,,,,,,,,839C,,839C_L,,,,,,,,839C_L,,,,,
421,,,,,,,,,,837C,,837C_L,,,,,,,,837C_L,,,,,
422,,,,,,,,,,835C,,,,,,,,,,835C_L,,,,,
423,,,,,,,,,,,,,,,,,,,,813B_R,,,,,
424,,,,,,,,,,,,,,,,,,,,811B_R,,,,,
425,,,,,,,,,,,,,,,,,,,,809B_R,,,,,
426,,,,,,,,,,,,,,,,,,,,807B_R,,,,,
427,,,,,,,,,,,,,,,,,,,,805B_R,,,,,
428,,,,,,,,,,,,,,,,,,,,803B_R,,,,,
429,,,,,,,,,,,,,,,,,,,,801B_R,,,,,
430,,,,,,,,,,,,,,,,,,,,841C_R,,,,,
431,,,,,,,,,,,,,,,,,,,,839C_R,,,,,
432,,,,,,,,,,,,,,,,,,,,837C_R,,,,,
433,,,,,,,,,,,,,,,,,,,,835C_R,,,,,
434,,5,,V,S810B_VS822B,803B,Nil,803B,803B,813B,S810B_VS822B,813B_L,Nil,Nil,Nil,Nil,Nil,Nil,S821B_S801B,813B_L,Nil,S810B,No,Nil,
435,,,,,,804B,,804B,804B,811B,,811B_L,,,,,,,S801B_S803B,811B_L,,,,,
436,,,,,,805B,,805B,805B,,,809B_L,,,,,,,S861C_S821B,809B_L,,,,,
437,,,,,,806B,,806B,806B,,,807B_L,,,,,,,,807B_L,,,,,
438,,,,,,801B,,801B,801B,,,805B_L,,,,,,,,805B_L,,,,,
439,,,,,,802B,,802B,802B,,,803B_L,,,,,,,,803B_L,,,,,
440,,,,,,,,,,,,,,,,,,,,813B_R,,,,,
441,,,,,,,,,,,,,,,,,,,,811B_R,,,,,
442,,,,,,,,,,,,,,,,,,,,809B_R,,,,,
443,,,,,,,,,,,,,,,,,,,,807B_R,,,,,
444,,,,,,,,,,,,,,,,,,,,805B_R,,,,,
445,,,,,,,,,,,,,,,,,,,,803B_R,,,,,
446,,6,,V,S810B_VS802B,803B,801B,803B,803B,813B,S810B_VS802B,813B_sL,Nil,Nil,Nil,Nil,Nil,Nil,VS821B_S805B,813B_L,Nil,S810B,No,Nil,
447,,,,,,804B,802B,804B,804B,811B,,811B_sL,,,,,,,S805B_S803B,811B_L,,,,,
448,,,,,,805B,,805B,805B,810B,,810B_sL,,,,,,,S807C_S805B,810B_L,,,,,
449,,,,,,806B,,806B,806B,808B,,808B_sL,,,,,,,,808B_L,,,,,
450,,,,,,,,801B,801B,806B,,806B_sL,,,,,,,,806B_L,,,,,
451,,,,,,,,802B,802B,,,,,,,,,,,813B_R,,,,,
452,,,,,,,,,,,,,,,,,,,,811B_R,,,,,
453,,,,,,,,,,,,,,,,,,,,810B_R,,,,,
454,,,,,,,,,,,,,,,,,,,,808B_R,,,,,
455,,,,,,,,,,,,,,,,,,,,806B_R,,,,,
456,,7,,V,S810B_VS804B,803B,Nil,803B,803B,813B,S810B_VS804B,813B_sL,Nil,Nil,Nil,Nil,Nil,Nil,S821B_S801B,813B_L,Nil,S810B,No,Nil,
457,,,,,,804B,,804B,804B,811B,,811B_sL,,,,,,,S801B_S803B,811B_L,,,,,
458,,,,,,805B,,805B,805B,809B,,809B_sL,,,,,,,,809B_L,,,,,
459,,,,,,806B,,806B,806B,807B,,807B_sL,,,,,,,,807B_L,,,,,
460,,,,,,801B,,801B,801B,,,,,,,,,,,813B_R,,,,,
461,,,,,,802B,,802B,802B,,,,,,,,,,,811B_R,,,,,
462,,,,,,,,,,,,,,,,,,,,809B_R,,,,,
463,,,,,,,,,,,,,,,,,,,,807B_R,,,,,
464,16,1,VS822B,OFF,VS822B_VS862C,Nil,Nil,Nil,Nil,801B,VS822B_VS862C,801B_L,Nil,Nil,Nil,Nil,Nil,Nil,S803C_S861C,801B_L,Nil,VS822B,No,Nil,
465,,,,,,,,,,,,841C_L,,,,,,,S861C_S821B,841C_L,,,,,
466,,,,,,,,,,,,839C_L,,,,,,,,839C_L,,,,,
467,,,,,,,,,,,,,,,,,,,,801B_R,,,,,
468,,,,,,,,,,,,,,,,,,,,841C_R,,,,,
469,,,,,,,,,,,,,,,,,,,,839C_R,,,,,
470,17,1,S809B,G,S809B_S811B,805B,807B,807B,807B,829B,S809B_S811B,829B_R,807B,833B_R,833B_sR,813B,Nil,Nil,S802B_S816B,829B_R,Nil,S809B,No,831H,
471,,,,,,806B,,805B,805B,831B,,831B_R,,,,,,,S806B_S816B,831B_R,,,,,
472,,,,,,,,806B,806B,833B,,,,,,,,,S808B_S816B,833B_R,,,,,
473,,,,,,,,813B,813B,,,,,,,,,,S812B_S816B,829B_L,,,,,
474,,,,,,,,,827H,,,,,,,,,,S814B_S816B,831B_L,,,,,
475,,,,,,,,,,,,,,,,,,,S816B_S852H,833B_L,,,,,
476,18,1,S811B,G,S811B_S831B,813B,815B,813B,813B,833B,S811B_S831B,833B_R,Nil,Nil,Nil,Nil,Nil,827B_R,VS832B_S806B,833B_R,827B,S811B,No,831H,
477,,,,,,811B,816B,815B,815B,819B,,819B_R,,,,,,,S806B_S816B,819B_R,,,,,
478,,,,,,812B,,816B,816B,821B,,821B_R,,,,,,,S804A_S806B,821B_R,,,,,
479,,,,,,817B,,811B,811B,823B,,823B_R,,,,,,,S808A_S806B,823B_R,,,,,
480,,,,,,,,812B,812B,825B,,825B_R,,,,,,,VS822A_VS832B,825B_R,,,,,
481,,,,,,,,817B,817B,827B,,,,,,,,,,827B_R,,,,,
482,,,,,,,,,827H,,,,,,,,,,,833B_L,,,,,
483,,,,,,,,,,,,,,,,,,,,819B_L,,,,,
484,,,,,,,,,,,,,,,,,,,,821B_L,,,,,
485,,,,,,,,,,,,,,,,,,,,823B_L,,,,,
486,,,,,,,,,,,,,,,,,,,,825B_L,,,,,
487,,,,,,,,,,,,,,,,,,,,827B_L,,,,,
488,,3,,G,S811B_S805A,813B,815B,813B,813B,833B,S811B_S805A,833B_R,Nil,Nil,Nil,Nil,Nil,808A_R,S832B_S802B,833B_R,808A,S811B,No,831H,
489,,,,,,,816B,815B,815B,819B,,819B_R,,,,,,,S802B_S816B,819B_R,,,,,
490,,,,,,,811B,816B,816B,818B,,818B_R,,,,,,,S804A_S822A,818B_R,,,,,
491,,,,,,,812B,811B,811B,820B,,820B_R,,,,,,,S822A_S832B,820B_R,,,,,
492,,,,,,,,812B,812B,822B,,822B_R,,,,,,,,822B_R,,,,,
493,,,,,,,,,827H,824B,,824B_R,,,,,,,,824B_R,,,,,
494,,,,,,,,,,826B,,826B_R,,,,,,,,826B_R,,,,,
495,,,,,,,,,,828B,,828B_R,,,,,,,,828B_R,,,,,
496,,,,,,,,,,802A,,802A_R,,,,,,,,802A_R,,,,,
497,,,,,,,,,,804A,,804A_R,,,,,,,,804A_R,,,,,
498,,,,,,,,,,806A,,806A_R,,,,,,,,806A_R,,,,,
499,,,,,,,,,,808A,,,,,,,,,,808A_R,,,,,
500,,,,,,,,,,,,,,,,,,,,833B_L,,,,,
501,,,,,,,,,,,,,,,,,,,,819B_L,,,,,
502,,,,,,,,,,,,,,,,,,,,818B_L,,,,,
503,,,,,,,,,,,,,,,,,,,,820B_L,,,,,
504,,,,,,,,,,,,,,,,,,,,822B_L,,,,,
505,,,,,,,,,,,,,,,,,,,,824B_L,,,,,
506,,,,,,,,,,,,,,,,,,,,826B_L,,,,,
507,,,,,,,,,,,,,,,,,,,,828B_L,,,,,
508,,,,,,,,,,,,,,,,,,,,802A_L,,,,,
509,,,,,,,,,,,,,,,,,,,,804A_L,,,,,
510,,,,,,,,,,,,,,,,,,,,806A_L,,,,,
511,,,,,,,,,,,,,,,,,,,,808A_L,,,,,
512,,5,,V,S811B_VS831B,813B,815B,813B,813B,833B,S811B_VS831B,833B_R,Nil,Nil,Nil,Nil,Nil,Nil,S832B_S802B,833B_R,Nil,S811B,No,831H,
513,,,,,,,816B,815B,815B,819B,,819B_R,,,,,,,S802B_S816B,819B_R,,,,,
514,,,,,,,811B,816B,816B,818B,,818B_R,,,,,,,S822A_S832B,818B_R,,,,,
515,,,,,,,812B,811B,811B,,,820B_R,,,,,,,,820B_R,,,,,
516,,,,,,,,812B,812B,,,822B_R,,,,,,,,822B_R,,,,,
517,,,,,,,,,827H,,,824B_R,,,,,,,,824B_R,,,,,
518,,,,,,,,,,,,826B_R,,,,,,,,826B_R,,,,,
519,,,,,,,,,,,,,,,,,,,,833B_L,,,,,
520,,,,,,,,,,,,,,,,,,,,819B_L,,,,,
521,,,,,,,,,,,,,,,,,,,,818B_L,,,,,
522,,,,,,,,,,,,,,,,,,,,820B_L,,,,,
523,,,,,,,,,,,,,,,,,,,,822B_L,,,,,
524,,,,,,,,,,,,,,,,,,,,824B_L,,,,,
525,,,,,,,,,,,,,,,,,,,,826B_L,,,,,
526,,6,,V,S811B_VS801B,813B,815B,813B,813B,833B,S811B_VS801B,833B_sR,Nil,Nil,Nil,Nil,Nil,Nil,VS832B_S806B,833B_R,Nil,S811B,No,831H,
527,,,,,,811B,816B,815B,815B,819B,,819B_sR,,,,,,,S806B_S816B,819B_R,,,,,
528,,,,,,812B,,816B,816B,821B,,821B_sR,,,,,,,S804A_S806B,821B_R,,,,,
529,,,,,,817B,,811B,811B,823B,,823B_sR,,,,,,,S808A_S806B,823B_R,,,,,
530,,,,,,,,812B,812B,,,,,,,,,,,833B_L,,,,,
531,,,,,,,,817B,817B,,,,,,,,,,,819B_L,,,,,
532,,,,,,,,,827H,,,,,,,,,,,821B_L,,,,,
533,,,,,,,,,,,,,,,,,,,,823B_L,,,,,
534,,7,,V,S811B_VS803B,813B,815B,813B,813B,833B,S811B_VS803B,833B_sR,Nil,Nil,Nil,Nil,Nil,Nil,S832B_S802B,833B_R,Nil,S811B,No,831H,
535,,,,,,,816B,815B,815B,819B,,819B_sR,,,,,,,S802B_S816B,819B_R,,,,,
536,,,,,,,811B,816B,816B,818B,,818B_sR,,,,,,,,818B_R,,,,,
537,,,,,,,812B,811B,811B,820B,,820B_sR,,,,,,,,820B_R,,,,,
538,,,,,,,,812B,812B,822B,,822B_sR,,,,,,,,822B_R,,,,,
539,,,,,,,,,827H,,,,,,,,,,,833B_L,,,,,
540,,,,,,,,,,,,,,,,,,,,819B_L,,,,,
541,,,,,,,,,,,,,,,,,,,,818B_L,,,,,
542,,,,,,,,,,,,,,,,,,,,820B_L,,,,,
543,,,,,,,,,,,,,,,,,,,,822B_L,,,,,
544,,8,,G,S811B_S801H,813B,Nil,813B,813B,833B,S811B_S801H,833B_R,Nil,Nil,Nil,Nil,Nil,Nil,S812B_S816B,833B_R,Nil,S811B,No,831H,
545,,,,,,815B,,815B,815B,801H,,,,,,,,,,833B_L,,,,832H,
546,,,,,,816B,,816B,816B,,,,,,,,,,,,,,,,
547,,,,,,,,,827H,,,,,,,,,,,,,,,,
548,,10,,G,S811B_S803H,813B,815B,813B,813B,833B,S811B_S803H,833B_R,Nil,Nil,Nil,Nil,Nil,Nil,S808B_S816B,833B_R,Nil,S811B,No,831H,
549,,,,,,811B,816B,815B,815B,819B,,819B_R,,,,,,,,819B_R,,,,,
550,,,,,,812B,817B,816B,816B,802H,,,,,,,,,,833B_L,,,,,
551,,,,,,,,811B,811B,,,,,,,,,,,819B_L,,,,,
552,,,,,,,,812B,812B,,,,,,,,,,,,,,,,
553,,,,,,,,817B,817B,,,,,,,,,,,,,,,,
554,,,,,,,,,827H,,,,,,,,,,,,,,,,
555,,12,,G,S811B_S849H,815B,813B,813B,813B,833B,S811B_S849H,833B_R,Nil,Nil,Nil,Nil,Nil,Nil,S814B_S816B,833B_R,Nil,S811B,No,Nil,
556,,,,,,816B,,815B,815B,831H,,,,,,,,,,833B_L,,,,,
557,,,,,,,,816B,816B,,,,,,,,,,,,,,,,
558,19,1,S808B,G,S808B_S804B,811B,817B,817B,817B,819B,S808B_S804B,819B_L,804B,812B_L,812B_sL,803B,Nil,Nil,S801B_S807B,819B_L,Nil,S808B,No,Nil,
559,,,,,,812B,809B,811B,811B,817B,,817B_L,,,,804B,,,S805B_S807B,817B_L,,,,,
560,,,,,,815B,810B,812B,812B,816B,,816B_L,806B,812B_L,812B_sL,Nil,803B,,S807B_S803H,816B_L,,,,,
561,,,,,,816B,,815B,815B,814B,,814B_L,,813B_L,813B_sL,,804B,,,814B_L,,,,,
562,,,,,,,,816B,816B,812B,,,,,,,,,,812B_L,,,,,
563,,,,,,,,809B,809B,,,,,,,,,,,819B_R,,,,,
564,,,,,,,,810B,810B,,,,,,,,,,,817B_R,,,,,
565,,,,,,,,803B,803B,,,,,,,,,,,816B_R,,,,,
566,,,,,,,,804B,804B,,,,,,,,,,,814B_R,,,,,
567,,,,,,,,,,,,,,,,,,,,812B_R,,,,,
568,,3,,G,S808B_S810B,811B,817B,817B,817B,819B,S808B_S810B,819B_L,802B,813B_L,813B_sL,803B,Nil,Nil,S801B_S803B,819B_L,Nil,S808B,No,Nil,
569,,,,,,812B,,811B,811B,817B,,817B_L,,,,804B,,,S803B_S803H,817B_L,,,,,
570,,,,,,815B,,812B,812B,815B,,815B_L,,,,,,,S805B_S803B,815B_L,,,,,
571,,,,,,816B,,815B,815B,813B,,,,,,,,,,813B_L,,,,,
572,,,,,,809B,,816B,816B,,,,,,,,,,,819B_R,,,,,
573,,,,,,810B,,809B,809B,,,,,,,,,,,817B_R,,,,,
574,,,,,,,,810B,810B,,,,,,,,,,,815B_R,,,,,
575,,,,,,,,803B,803B,,,,,,,,,,,813B_R,,,,,
576,,,,,,,,804B,804B,,,,,,,,,,,,,,,,
577,,5,,G,S808B_S816B,811B,817B,817B,817B,819B,S808B_S816B,819B_L,808B,829B_L,829B_sL,807B,Nil,Nil,S801B_S811B,819B_L,Nil,S808B,No,831H,
578,,,,,,812B,815B,811B,811B,833B,,833B_L,810B,829B_L,829B_sL,Nil,807B,,S805B_S811B,833B_L,,,,,
579,,,,,,813B,816B,812B,812B,831B,,831B_L,,,,,,,S809B_S811B,831B_L,,,,,
580,,,,,,,,815B,815B,829B,,,,,,,,,S811B_S803H,829B_L,,,,,
581,,,,,,,,816B,816B,,,,,,,,,,,819B_R,,,,,
582,,,,,,,,813B,813B,,,,,,,,,,,833B_R,,,,,
583,,,,,,,,807B,807B,,,,,,,,,,,831B_R,,,,,
584,,,,,,,,,827H,,,,,,,,,,,829B_R,,,,,
585,20,1,S812B,G,S812B_S816B,815B,Nil,815B,815B,833B,S812B_S816B,833B_L,808B,829B_L,829B_sL,807B,Nil,Nil,S801B_S811B,833B_L,Nil,S812B,No,831H,
586,,,,,,816B,,816B,816B,831B,,831B_L,810B,829B_L,829B_sL,Nil,807B,,S805B_S811B,831B_L,,,,,
587,,,,,,813B,,813B,813B,829B,,,,,,,,,S809B_S811B,829B_L,,,,,
588,,,,,,,,807B,807B,,,,,,,,,,S811B_S801H,833B_R,,,,,
589,,,,,,,,,827H,,,,,,,,,,,831B_R,,,,,
590,,,,,,,,,,,,,,,,,,,,829B_R,,,,,
591,21,1,S814B,G,S814B_S816B,815B,813B,813B,813B,833B,S814B_S816B,833B_L,808B,829B_L,829B_sL,807B,Nil,Nil,S801B_S811B,833B_L,Nil,S814B,No,Nil,
592,,,,,,816B,,815B,815B,831B,,831B_L,810B,829B_L,829B_sL,Nil,807B,,S805B_S811B,831B_L,,,,,
593,,,,,,,,816B,816B,829B,,,,,,,,,S809B_S811B,829B_L,,,,,
594,,,,,,,,807B,807B,,,,,,,,,,S811B_S849H,833B_R,,,,,
595,,,,,,,,,,,,,,,,,,,,831B_R,,,,,
596,,,,,,,,,,,,,,,,,,,,829B_R,,,,,
597,22,1,S816B,G,S816B_S822B,807B,805B,807B,807B,829B,S816B_S822B,829B_L,Nil,Nil,Nil,Nil,Nil,802B_L,VS821B_S805B,829B_L,802B,S816B,No,Nil,
598,,,,,,,806B,805B,805B,811B,,811B_L,,,,,,,S805B_S811B,811B_L,,,,,
599,,,,,,,801B,806B,806B,810B,,810B_L,,,,,,,S807C_S805B,810B_L,,,,,
600,,,,,,,802B,801B,801B,808B,,808B_L,,,,,,,VS861C_VS821B,808B_L,,,,,
601,,,,,,,,802B,802B,806B,,806B_L,,,,,,,,806B_L,,,,,
602,,,,,,,,,,804B,,804B_L,,,,,,,,804B_L,,,,,
603,,,,,,,,,,802B,,,,,,,,,,802B_L,,,,,
604,,,,,,,,,,,,,,,,,,,,829B_R,,,,,
605,,,,,,,,,,,,,,,,,,,,811B_R,,,,,
606,,,,,,,,,,,,,,,,,,,,810B_R,,,,,
607,,,,,,,,,,,,,,,,,,,,808B_R,,,,,
608,,,,,,,,,,,,,,,,,,,,806B_R,,,,,
609,,,,,,,,,,,,,,,,,,,,804B_R,,,,,
610,,,,,,,,,,,,,,,,,,,,802B_R,,,,,
611,,3,,G,S816B_S806C,807B,805B,807B,807B,829B,S816B_S806C,829B_L,Nil,Nil,Nil,Nil,Nil,835C_L,S821B_S801B,829B_L,835C,S816B,No,Nil,
612,,,,,,801B,806B,805B,805B,811B,,811B_L,,,,,,,S801B_S811B,811B_L,,,,,
613,,,,,,802B,,806B,806B,809B,,809B_L,,,,,,,S803C_S861C,809B_L,,,,,
614,,,,,,,,801B,801B,807B,,807B_L,,,,,,,S861C_S821B,807B_L,,,,,
615,,,,,,,,802B,802B,805B,,805B_L,,,,,,,,805B_L,,,,,
616,,,,,,,,,,803B,,803B_L,,,,,,,,803B_L,,,,,
617,,,,,,,,,,801B,,801B_L,,,,,,,,801B_L,,,,,
618,,,,,,,,,,841C,,841C_L,,,,,,,,841C_L,,,,,
619,,,,,,,,,,839C,,839C_L,,,,,,,,839C_L,,,,,
620,,,,,,,,,,837C,,837C_L,,,,,,,,837C_L,,,,,
621,,,,,,,,,,835C,,,,,,,,,,835C_L,,,,,
622,,,,,,,,,,,,,,,,,,,,829B_R,,,,,
623,,,,,,,,,,,,,,,,,,,,811B_R,,,,,
624,,,,,,,,,,,,,,,,,,,,809B_R,,,,,
625,,,,,,,,,,,,,,,,,,,,807B_R,,,,,
626,,,,,,,,,,,,,,,,,,,,805B_R,,,,,
627,,,,,,,,,,,,,,,,,,,,803B_R,,,,,
628,,,,,,,,,,,,,,,,,,,,801B_R,,,,,
629,,,,,,,,,,,,,,,,,,,,841C_R,,,,,
630,,,,,,,,,,,,,,,,,,,,839C_R,,,,,
631,,,,,,,,,,,,,,,,,,,,837C_R,,,,,
632,,,,,,,,,,,,,,,,,,,,835C_R,,,,,
633,,5,,V,S816B_VS822B,807B,805B,807B,807B,829B,S816B_VS822B,829B_L,Nil,Nil,Nil,Nil,Nil,Nil,S821B_S801B,829B_L,Nil,S816B,No,Nil,
634,,,,,,801B,806B,805B,805B,811B,,811B_L,,,,,,,S801B_S811B,811B_L,,,,,
635,,,,,,802B,,806B,806B,,,809B_L,,,,,,,S861C_S821B,809B_L,,,,,
636,,,,,,,,801B,801B,,,807B_L,,,,,,,,807B_L,,,,,
637,,,,,,,,802B,802B,,,805B_L,,,,,,,,805B_L,,,,,
638,,,,,,,,,,,,803B_L,,,,,,,,803B_L,,,,,
639,,,,,,,,,,,,,,,,,,,,829B_R,,,,,
640,,,,,,,,,,,,,,,,,,,,811B_R,,,,,
641,,,,,,,,,,,,,,,,,,,,809B_R,,,,,
642,,,,,,,,,,,,,,,,,,,,807B_R,,,,,
643,,,,,,,,,,,,,,,,,,,,805B_R,,,,,
644,,,,,,,,,,,,,,,,,,,,803B_R,,,,,
645,,6,,V,S816B_VS802B,807B,805B,807B,807B,829B,S816B_VS802B,829B_sL,Nil,Nil,Nil,Nil,Nil,Nil,VS821B_S805B,829B_L,Nil,S816B,No,Nil,
646,,,,,,,806B,805B,805B,811B,,811B_sL,,,,,,,S805B_S811B,811B_L,,,,,
647,,,,,,,801B,806B,806B,810B,,810B_sL,,,,,,,S807C_S805B,810B_L,,,,,
648,,,,,,,802B,801B,801B,808B,,808B_sL,,,,,,,,808B_L,,,,,
649,,,,,,,,802B,802B,806B,,806B_sL,,,,,,,,806B_L,,,,,
650,,,,,,,,,,,,,,,,,,,,829B_R,,,,,
651,,,,,,,,,,,,,,,,,,,,811B_R,,,,,
652,,,,,,,,,,,,,,,,,,,,810B_R,,,,,
653,,,,,,,,,,,,,,,,,,,,808B_R,,,,,
654,,,,,,,,,,,,,,,,,,,,806B_R,,,,,
655,,7,,V,S816B_VS804B,807B,805B,807B,807B,829B,S816B_VS804B,829B_sL,Nil,Nil,Nil,Nil,Nil,Nil,S821B_S801B,829B_L,Nil,S816B,No,Nil,
656,,,,,,801B,806B,805B,805B,811B,,811B_sL,,,,,,,S801B_S811B,811B_L,,,,,
657,,,,,,802B,,806B,806B,809B,,809B_sL,,,,,,,,809B_L,,,,,
658,,,,,,,,801B,801B,807B,,807B_sL,,,,,,,,807B_L,,,,,
659,,,,,,,,802B,802B,,,,,,,,,,,829B_R,,,,,
660,,,,,,,,,,,,,,,,,,,,811B_R,,,,,
661,,,,,,,,,,,,,,,,,,,,809B_R,,,,,
662,,,,,,,,,,,,,,,,,,,,807B_R,,,,,
663,,8,,G,S816B_S852H,805B,807B,807B,807B,829B,S816B_S852H,829B_L,Nil,Nil,Nil,Nil,Nil,Nil,S809B_S811B,829B_L,Nil,S816B,No,Nil,
664,,,,,,806B,,805B,805B,825H,,,,,,,,,,829B_R,,,,,
665,,,,,,,,806B,806B,,,,,,,,,,,,,,,,